都道府県名,市区町村,人口,地価中央値,人口地価積
東京都,港区,261615.0,2630.0,688.04745
東京都,世田谷区,915439.0,679.0,621.583081
東京都,中央区,174074.0,2665.0,463.90721
東京都,新宿区,346279.0,1235.0,427.654565
東京都,大田区,728425.0,534.0,388.97895
東京都,品川区,404196.0,939.0,379.540044
東京都,渋谷区,229412.0,1640.0,376.23568
東京都,杉並区,570786.0,582.0,332.197452
東京都,練馬区,738914.0,416.5,307.757681
東京都,江東区,532882.0,543.0,289.354926
東京都,目黒区,278635.0,935.0,260.523725
東京都,江戸川区,688153.0,373.0,256.681069
東京都,板橋区,568241.0,444.5,252.5831245
東京都,豊島区,288704.0,857.0,247.419328
東京都,文京区,229653.0,1040.0,238.83912
東京都,中野区,333593.0,677.0,225.842461
東京都,足立区,690114.0,315.5,217.730967
東京都,台東区,207479.0,1024.0,212.458496
東京都,千代田区,67911.0,3075.0,208.826325
東京都,北区,353732.0,557.0,197.028724
大阪府,大阪市北区,136637.0,1195.0,163.281215
大阪府,大阪市中央区,112405.0,1390.0,156.24295
東京都,葛飾区,464175.0,333.0,154.570275
東京都,墨田区,279985.0,543.0,152.031855
福岡県,福岡市中央区,197535.0,716.0,141.43506
兵庫県,西宮市,482796.0,287.0,138.562452
埼玉県,川口市,604715.0,205.0,123.966575
千葉県,市川市,491577.0,242.0,118.961634
東京都,荒川区,216814.0,544.0,117.946816
神奈川県,川崎市中原区,261075.0,442.0,115.39515
神奈川県,横浜市港北区,354558.0,305.0,108.14019
千葉県,船橋市,647037.0,154.0,99.643698
大阪府,大阪市西区,105944.0,928.0,98.316032
東京都,武蔵野市,147964.0,642.0,94.992888
京都府,京都市中京区,104980.0,895.0,93.9571
愛知県,名古屋市中区,92840.0,978.0,90.79752
神奈川県,横浜市青葉区,309573.0,290.0,89.77617
大阪府,豊中市,407695.0,209.0,85.208255
東京都,調布市,238505.0,352.0,83.95376
兵庫県,尼崎市,458895.0,182.0,83.51889
神奈川県,横浜市鶴見区,293430.0,280.0,82.1604
神奈川県,藤沢市,445177.0,180.5,80.3544485
東京都,三鷹市,189916.0,422.0,80.144552
大阪府,吹田市,381316.0,208.0,79.313728
神奈川県,横浜市神奈川区,242940.0,311.0,75.55434
東京都,府中市,259924.0,285.5,74.208302
千葉県,松戸市,497120.0,147.0,73.07664
神奈川県,川崎市川崎区,232123.0,301.0,69.869023
福岡県,福岡市博多区,238810.0,292.0,69.73252
神奈川県,川崎市高津区,230205.0,297.0,68.370885
東京都,町田市,430831.0,154.0,66.347974
広島県,広島市中区,136435.0,482.0,65.76167
神奈川県,横浜市中区,152949.0,424.0,64.850376
埼玉県,さいたま市浦和区,168522.0,381.0,64.206882
兵庫県,神戸市中央区,139208.0,460.0,64.03568
兵庫県,神戸市東灘区,212005.0,301.0,63.813505
東京都,八王子市,562145.0,112.5,63.2413125
神奈川県,横浜市都筑区,214930.0,288.5,62.007305
東京都,西東京市,205876.0,300.0,61.7628
北海道,札幌市中央区,244032.0,248.5,60.641952
埼玉県,所沢市,344070.0,175.0,60.21225
宮城県,仙台市青葉区,295255.0,198.0,58.46049
神奈川県,川崎市幸区,172312.0,337.0,58.069144
神奈川県,川崎市宮前区,234495.0,247.0,57.920265
沖縄県,那覇市,317030.0,182.0,57.69946
鹿児島県,鹿児島市,597834.0,95.95,57.36217047555542
大阪府,高槻市,348530.0,158.0,55.06774
神奈川県,相模原市南区,278756.0,196.0,54.636176
神奈川県,茅ヶ崎市,246394.0,221.0,54.453074
神奈川県,横浜市戸塚区,282160.0,191.0,53.89256
埼玉県,さいたま市南区,193471.0,276.0,53.397996
愛媛県,松山市,503865.0,105.0,52.905825
神奈川県,川崎市多摩区,215269.0,236.0,50.803484
愛知県,豊田市,417432.0,119.5,49.883124
東京都,立川市,185483.0,268.5,49.8021855
千葉県,浦安市,169552.0,291.5,49.424408
神奈川県,横浜市南区,198745.0,247.0,49.090015
大阪府,茨木市,284921.0,170.0,48.43657
埼玉県,川越市,353183.0,137.0,48.386071
大阪府,枚方市,396252.0,122.0,48.342744
福岡県,福岡市南区,266714.0,178.0,47.475092
東京都,小平市,196924.0,236.0,46.474064
京都府,京都市下京区,76535.0,598.0,45.76793
神奈川県,大和市,244421.0,187.0,45.706727
愛知県,名古屋市千種区,159535.0,285.0,45.467475
大阪府,大阪市天王寺区,81573.0,556.0,45.354588
神奈川県,横浜市西区,104408.0,434.0,45.313072
東京都,小金井市,124756.0,360.0,44.91216
埼玉県,越谷市,343866.0,130.0,44.70258
京都府,京都市左京区,152205.0,291.0,44.291655
神奈川県,横浜市旭区,243849.0,181.5,44.2585935
埼玉県,さいたま市大宮区,124002.0,356.0,44.144712
神奈川県,相模原市中央区,272439.0,162.0,44.135118
大阪府,大阪市淀川区,181197.0,237.5,43.0342875
千葉県,柏市,433733.0,99.0,42.939567
神奈川県,横須賀市,388197.0,110.0,42.70167
愛知県,岡崎市,384422.0,109.0,41.901998
神奈川県,横浜市港南区,214052.0,195.0,41.74014
愛知県,名古屋市中村区,134970.0,307.5,41.503275
兵庫県,神戸市灘区,132572.0,312.0,41.362464
東京都,国分寺市,128238.0,322.0,41.292636
大阪府,大阪市城東区,169828.0,242.5,41.18329
大阪府,大阪市福島区,79199.0,510.0,40.39149
神奈川県,横浜市保土ケ谷区,203266.0,195.0,39.63687
京都府,京都市伏見区,268716.0,147.0,39.501252
静岡県,静岡市葵区,247808.0,159.0,39.401472
神奈川県,横浜市緑区,181749.0,212.0,38.530788
兵庫県,姫路市,528459.0,72.8,38.47181681272888
愛知県,名古屋市緑区,249657.0,153.0,38.197521
大阪府,大阪市阿倍野区,111488.0,340.0,37.90592
埼玉県,朝霞市,144062.0,259.0,37.312058
東京都,日野市,187254.0,198.0,37.076292
大阪府,大阪市浪速区,73794.0,499.5,36.860103
大阪府,大阪市住吉区,151500.0,243.0,36.8145
京都府,京都市右京区,192282.0,191.0,36.725862
石川県,金沢市,447181.0,81.75,36.55704675
愛知県,名古屋市東区,82598.0,435.0,35.93013
神奈川県,横浜市金沢区,194944.0,184.0,35.869696
兵庫県,宝塚市,230788.0,155.0,35.77214
神奈川県,平塚市,256005.0,138.5,35.4566925
兵庫県,伊丹市,202539.0,175.0,35.444325
神奈川県,川崎市麻生区,178547.0,198.5,35.4415795
大阪府,大阪市東淀川区,171158.0,205.0,35.08739
埼玉県,戸田市,141887.0,246.0,34.904202
福岡県,福岡市早良区,221649.0,157.0,34.798893
神奈川県,鎌倉市,176460.0,197.0,34.76262
栃木県,宇都宮市,517497.0,67.15,34.74992433963776
愛知県,春日井市,308937.0,111.0,34.292007
兵庫県,芦屋市,95378.0,356.0,33.954568
愛知県,豊橋市,370761.0,90.3,33.47971943147278
奈良県,奈良市,351418.0,94.9,33.349568736221315
愛知県,名古屋市名東区,160293.0,207.0,33.180651
神奈川県,横浜市磯子区,166575.0,199.0,33.148425
大阪府,大阪市平野区,190366.0,174.0,33.123684
大阪府,八尾市,261998.0,125.5,32.880749
福岡県,福岡市東区,321864.0,101.0,32.508264
大阪府,大阪市東住吉区,131440.0,247.0,32.46568
兵庫県,明石市,305404.0,106.0,32.372824
大阪府,大阪市都島区,105343.0,306.0,32.234958
広島県,広島市南区,141179.0,228.0,32.188812
岡山県,岡山市北区,295309.0,109.0,32.188681
大阪府,堺市北区,158176.0,203.0,32.109728
埼玉県,草加市,250966.0,127.0,31.872682
埼玉県,新座市,165730.0,192.0,31.82016
神奈川県,横浜市泉区,152035.0,209.0,31.775315
愛知県,名古屋市昭和区,105980.0,290.5,30.78719
京都府,京都市北区,108282.0,282.0,30.535524
愛知県,一宮市,380201.0,80.3,30.53014146028137
埼玉県,さいたま市中央区,103059.0,295.0,30.402405
愛知県,名古屋市北区,161871.0,187.0,30.269877
滋賀県,大津市,344552.0,86.3,29.73483865148926
広島県,広島市西区,186779.0,158.0,29.511082
愛知県,名古屋市中川区,216956.0,134.0,29.072104
京都府,京都市上京区,75584.0,383.5,28.986464
大阪府,寝屋川市,227544.0,124.5,28.329228
広島県,広島市安佐南区,244053.0,116.0,28.310148
愛知県,名古屋市西区,147096.0,190.0,27.94824
東京都,多摩市,148210.0,188.0,27.86348
東京都,東村山市,151814.0,183.5,27.857869
大阪府,箕面市,139128.0,200.0,27.8256
千葉県,流山市,208401.0,133.0,27.717333
千葉県,千葉市中央区,211942.0,129.0,27.340518
京都府,京都市西京区,145509.0,187.5,27.2829375
千葉県,習志野市,174812.0,155.0,27.09586
北海道,札幌市豊平区,225221.0,120.0,27.02652
愛知県,安城市,188843.0,142.0,26.815706
愛知県,名古屋市瑞穂区,107509.0,249.0,26.769741
高知県,高知市,319724.0,83.3,26.633010175720216
岐阜県,岐阜市,402400.0,65.85,26.498039385986328
東京都,狛江市,82749.0,320.0,26.47968
神奈川県,厚木市,223836.0,116.5,26.076894
埼玉県,さいたま市北区,149826.0,172.5,25.844985
静岡県,静岡市駿河区,207710.0,124.0,25.75604
千葉県,千葉市美浜区,152719.0,168.0,25.656792
熊本県,熊本市中央区,176120.0,145.0,25.5374
東京都,国立市,76168.0,335.0,25.51628
大分県,大分市,476556.0,52.6,25.06684487283325
埼玉県,上尾市,230229.0,108.5,24.9798465
愛知県,名古屋市天白区,157559.0,158.0,24.894322
大阪府,大阪市鶴見区,112177.0,220.0,24.67894
大阪府,大阪市住之江区,117991.0,207.0,24.424137
福岡県,福岡市西区,208583.0,117.0,24.404211
大阪府,守口市,142014.0,169.0,24.000366
北海道,札幌市東区,261288.0,91.5,23.907852
千葉県,千葉市花見川区,176669.0,135.0,23.850315
東京都,東久留米市,116839.0,204.0,23.835156
愛知県,刈谷市,152372.0,154.0,23.465288
北海道,札幌市西区,218455.0,107.0,23.374685
兵庫県,神戸市垂水区,214978.0,108.5,23.325113
千葉県,八千代市,204717.0,113.5,23.2353795
静岡県,浜松市中区,235561.0,98.2,23.13208948112488
東京都,稲城市,93421.0,247.5,23.1216975
埼玉県,さいたま市緑区,132308.0,173.0,22.889284
大阪府,大阪市生野区,125938.0,180.0,22.66884
長野県,長野市,368785.0,60.8,22.422127718639373
神奈川県,海老名市,138969.0,161.0,22.374009
埼玉県,春日部市,231726.0,95.8,22.19935150717163
京都府,宇治市,182144.0,121.0,22.039424
群馬県,高崎市,369314.0,59.6,22.01111383647156
千葉県,千葉市稲毛区,157905.0,138.0,21.79089
愛知県,名古屋市守山区,176879.0,123.0,21.756117
長崎県,長崎市,401195.0,54.1,21.704648887825012
広島県,福山市,460684.0,46.8,21.560010848526
大阪府,堺市堺区,146786.0,145.5,21.357363
宮崎県,宮崎市,399576.0,53.3,21.297400495147706
東京都,昭島市,114259.0,186.0,21.252174
和歌山県,和歌山市,359654.0,59.0,21.219586
神奈川県,座間市,131527.0,161.0,21.175847
京都府,京都市東山区,33336.0,633.0,21.101688
兵庫県,神戸市須磨区,158105.0,133.0,21.027965
岡山県,倉敷市,477799.0,44.0,21.023156
神奈川県,横浜市瀬谷区,122164.0,172.0,21.012208
北海道,札幌市白石区,213006.0,98.05,20.885238950042723
埼玉県,ふじみ野市,114156.0,182.0,20.776392
香川県,高松市,422424.0,49.15,20.76214024456787
兵庫県,神戸市兵庫区,109645.0,188.5,20.6680825
徳島県,徳島市,249040.0,82.55,20.558252760009765
宮城県,仙台市若林区,137911.0,148.0,20.410828
埼玉県,蕨市,75282.0,271.0,20.401422
埼玉県,富士見市,112839.0,180.5,20.3674395
大阪府,池田市,103074.0,197.0,20.305578
神奈川県,相模原市緑区,167923.0,120.5,20.2347215
静岡県,静岡市清水区,228221.0,88.1,20.10626975176239
大阪府,大阪市東成区,84985.0,233.0,19.801505
新潟県,新潟市中央区,173153.0,114.0,19.739442
大阪府,大阪市旭区,89393.0,220.0,19.66646
福島県,郡山市,317486.0,61.7,19.588886442222595
埼玉県,志木市,76416.0,255.0,19.48608
神奈川県,小田原市,187880.0,102.5,19.2577
埼玉県,和光市,83962.0,228.0,19.143336
大阪府,大阪市西成区,104875.0,180.0,18.8775
神奈川県,横浜市栄区,121318.0,154.0,18.682972
兵庫県,加古川市,259884.0,70.9,18.425775996551515
宮城県,仙台市泉区,210396.0,87.5,18.40965
大阪府,大阪市港区,79247.0,231.0,18.306057
北海道,札幌市北区,285671.0,64.0,18.282944
群馬県,前橋市,331771.0,54.85,18.19763884375763
静岡県,沼津市,189632.0,94.8,17.977114178710938
愛知県,名古屋市南区,133361.0,134.5,17.9370545
富山県,富山市,409075.0,43.8,17.917484687900544
京都府,京都市山科区,127792.0,140.0,17.89088
大阪府,堺市西区,136136.0,129.5,17.629612
大阪府,岸和田市,189396.0,92.85,17.585418311004638
埼玉県,さいたま市見沼区,165005.0,105.0,17.325525
京都府,京都市南区,99969.0,172.0,17.194668
沖縄県,浦添市,115702.0,147.0,17.008194
宮城県,仙台市太白区,234493.0,72.25,16.94211925
福岡県,久留米市,302383.0,55.45,16.76713758069992
埼玉県,狭山市,149360.0,112.0,16.72832
広島県,広島市東区,118603.0,139.5,16.5451185
大阪府,大阪市西淀川区,97337.0,169.5,16.4986215
広島県,広島市佐伯区,140898.0,116.5,16.414617
福岡県,福岡市城南区,126243.0,127.0,16.032861
福岡県,北九州市小倉北区,179217.0,89.2,15.98615585307312
埼玉県,三郷市,142410.0,111.0,15.80751
大阪府,大東市,117294.0,133.0,15.600102
宮城県,仙台市宮城野区,189431.0,81.6,15.457569310951232
静岡県,富士市,249094.0,62.0,15.443828
京都府,長岡京市,81946.0,188.0,15.405848
埼玉県,入間市,145718.0,105.0,15.30039
三重県,四日市市,309719.0,49.4,15.30011907259369
山形県,山形市,240441.0,62.85,15.11171648311615
岩手県,盛岡市,282960.0,52.8,14.940287784118652
愛知県,豊川市,186524.0,80.0,14.92192
福岡県,北九州市八幡西区,248686.0,60.0,14.92116
福島県,福島市,270744.0,55.1,14.917993986877441
兵庫県,神戸市西区,236258.0,63.0,14.884254
福井県,福井市,257941.0,57.65,14.870299043586732
滋賀県,草津市,138336.0,107.0,14.801952
大阪府,門真市,117937.0,125.5,14.8010935
愛知県,名古屋市熱田区,65265.0,225.0,14.684625
兵庫県,神戸市長田区,96019.0,151.5,14.5468785
大阪府,和泉市,183761.0,78.45,14.416049889205933
熊本県,熊本市東区,191299.0,75.0,14.347425
愛知県,名古屋市港区,142485.0,100.0,14.2485
埼玉県,さいたま市桜区,96304.0,147.5,14.20484
東京都,東大和市,84870.0,165.0,14.00355
神奈川県,秦野市,159646.0,85.9,13.713591643600465
福島県,いわき市,310890.0,44.0,13.67916
東京都,清瀬市,74702.0,180.5,13.483711
長野県,松本市,236447.0,56.4,13.33561116078949
大阪府,摂津市,86457.0,154.0,13.314378
大阪府,堺市南区,136432.0,97.15,13.254369008178712
千葉県,市原市,270085.0,48.35,13.058609337882995
愛知県,小牧市,150434.0,86.5,13.012541
福岡県,春日市,112765.0,114.0,12.85521
茨城県,つくば市,252202.0,50.65,12.774031684829712
兵庫県,川西市,155098.0,82.05,12.725791373321533
愛知県,日進市,93774.0,135.0,12.65949
大阪府,松原市,116966.0,108.0,12.632328
埼玉県,熊谷市,193132.0,65.25,12.601863
大阪府,大阪市此花区,65269.0,190.0,12.40111
兵庫県,神戸市北区,212127.0,57.8,12.260940438159942
愛知県,稲沢市,134281.0,91.25,12.25314125
沖縄県,沖縄市,142679.0,85.5,12.1990545
大阪府,堺市中区,120223.0,101.0,12.142523
東京都,青梅市,130274.0,92.4,12.037317798782349
神奈川県,伊勢原市,99910.0,120.0,11.9892
三重県,津市,272645.0,43.9,11.969115916023254
新潟県,長岡市,261287.0,45.4,11.862430198692321
福岡県,大野城市,102809.0,114.5,11.7716305
広島県,呉市,209241.0,56.1,11.738419780723572
茨城県,水戸市,270010.0,43.4,11.718434412002564
千葉県,千葉市若葉区,147717.0,78.95,11.66225669920349
千葉県,佐倉市,171460.0,68.0,11.65928
北海道,函館市,244431.0,46.6,11.390484227027892
京都府,向日市,56794.0,200.5,11.387197
大阪府,大阪市大正区,62503.0,182.0,11.375546
愛知県,大府市,92828.0,121.0,11.232188
福岡県,北九州市小倉南区,207516.0,53.0,10.998348
静岡県,三島市,107204.0,102.0,10.934808
山口県,下関市,250645.0,43.4,10.87799338245392
埼玉県,八潮市,92365.0,117.0,10.806705
奈良県,生駒市,117946.0,91.6,10.803853420028686
埼玉県,さいたま市西区,94583.0,114.0,10.782462
神奈川県,逗子市,58959.0,181.0,10.671579
沖縄県,宜野湾市,100269.0,106.0,10.628514
愛知県,東海市,113625.0,93.4,10.61257517337799
千葉県,我孫子市,130964.0,80.8,10.58189159967041
秋田県,秋田市,300470.0,35.0,10.51645
奈良県,橿原市,119985.0,87.45,10.492687883834838
佐賀県,佐賀市,229427.0,45.4,10.41598615007782
埼玉県,さいたま市岩槻区,112253.0,92.55,10.38901549256897
青森県,青森市,271544.0,38.2,10.372981007171632
岡山県,岡山市中区,147194.0,70.0,10.30358
島根県,松江市,197843.0,51.6,10.20869849811554
埼玉県,坂戸市,99763.0,102.0,10.175826
神奈川県,綾瀬市,84376.0,120.5,10.167308
北海道,札幌市厚別区,124667.0,81.5,10.1603605
静岡県,浜松市東区,129754.0,77.85,10.101348702011109
愛知県,西尾市,170332.0,59.25,10.092171
大阪府,堺市東区,86127.0,117.0,10.076859
長崎県,佐世保市,240473.0,41.7,10.02772428346634
千葉県,鎌ケ谷市,109564.0,91.0,9.970324
広島県,広島市安佐北区,139552.0,71.4,9.964013012939454
広島県,安芸郡府中町,52891.0,188.0,9.943508
愛知県,長久手市,60985.0,160.0,9.7576
大阪府,羽曳野市,108961.0,88.8,9.675737132522583
東京都,福生市,56201.0,171.0,9.610371
千葉県,野田市,153661.0,61.25,9.41173625
福岡県,筑紫野市,106442.0,87.8,9.345607924835205
静岡県,磐田市,167520.0,54.7,9.163344127807617
山梨県,甲府市,186393.0,49.15,9.161216234413146
愛知県,知立市,72030.0,126.0,9.07578
岡山県,岡山市南区,166866.0,53.95,9.002420827308654
新潟県,新潟市西区,155001.0,57.7,8.943557818256378
広島県,廿日市市,116219.0,76.5,8.8907535
新潟県,新潟市東区,133060.0,66.5,8.84849
静岡県,藤枝市,142387.0,61.8,8.79951649136734
愛知県,江南市,99039.0,87.9,8.705528251121521
大阪府,交野市,77363.0,112.0,8.664656
大阪府,富田林市,108105.0,79.8,8.626779329910278
岐阜県,大垣市,159280.0,53.8,8.569263878479005
岐阜県,各務原市,145570.0,58.1,8.457616777877808
愛知県,半田市,117747.0,71.8,8.454234959335327
愛知県,尾張旭市,83986.0,100.0,8.3986
滋賀県,守山市,85619.0,97.55,8.352133711288452
東京都,武蔵村山市,71296.0,116.0,8.270336
埼玉県,久喜市,150987.0,54.5,8.2287915
埼玉県,鴻巣市,117798.0,69.85,8.228190120254517
北海道,札幌市手稲区,141260.0,57.5,8.12245
愛知県,瀬戸市,128122.0,63.35,8.116528504501343
埼玉県,飯能市,78445.0,103.0,8.079835
愛知県,豊明市,68325.0,118.0,8.06235
北海道,旭川市,324186.0,24.7,8.00739444733429
鳥取県,鳥取市,183269.0,43.6,7.990528120353699
熊本県,熊本市南区,133161.0,60.0,7.98966
埼玉県,鶴ヶ島市,70190.0,113.5,7.966565
群馬県,伊勢崎市,212128.0,37.35,7.92298047631836
青森県,八戸市,221229.0,35.6,7.875752062431335
三重県,鈴鹿市,196461.0,40.05,7.8682629001121525
三重県,桑名市,139563.0,56.199997,7.843440174087524
東京都,あきる野市,79807.0,97.85,7.809114828224182
千葉県,千葉市緑区,130064.0,60.0,7.80384
群馬県,太田市,222403.0,35.0,7.784105
大阪府,泉大津市,73282.0,105.0,7.69461
北海道,札幌市清田区,111375.0,68.95,7.6793059101104735
京都府,亀岡市,87090.0,86.3,7.515867265777588
愛知県,みよし市,61485.0,121.0,7.439685
静岡県,焼津市,137199.0,54.1,7.42246569065094
京都府,城陽市,74591.0,98.0,7.309918
埼玉県,桶川市,74680.0,97.8,7.303704227905273
熊本県,熊本市北区,140942.0,51.65,7.279654515060424
大阪府,藤井寺市,63336.0,114.0,7.220304
京都府,京田辺市,71367.0,101.0,7.208067
東京都,羽村市,54504.0,132.0,7.194528
静岡県,浜松市南区,101578.0,70.8,7.191722709991455
埼玉県,吉川市,73001.0,97.1,7.088396988609314
大阪府,高石市,56992.0,123.5,7.038512
茨城県,守谷市,70414.0,99.0,6.970986
兵庫県,三田市,108387.0,64.05,6.942187680770874
千葉県,成田市,130944.0,52.9,6.926937799804688
大阪府,河内長野市,100484.0,67.6,6.792718246673584
山口県,山口市,188598.0,35.1,6.61978951222229
大阪府,四條畷市,54765.0,120.5,6.5991825
愛知県,清須市,69194.0,94.4,6.531913705581665
山口県,岩国市,128609.0,50.4,6.48189379624176
愛知県,あま市,88787.0,72.8,6.463693870956421
埼玉県,深谷市,141681.0,45.0,6.375645
大阪府,泉佐野市,98545.0,64.25,6.33151625
奈良県,大和郡山市,83891.0,75.0,6.291825
沖縄県,うるま市,125973.0,49.6,6.248260607780456
大阪府,大阪狭山市,58292.0,106.9,6.231414888946533
千葉県,四街道市,96226.0,64.7,6.225821906341553
大阪府,柏原市,67226.0,91.8,6.171347005157471
茨城県,日立市,169785.0,36.25,6.15470625
栃木県,小山市,167277.0,36.7,6.139066027622223
埼玉県,北本市,65751.0,92.8,6.101693000656128
愛媛県,今治市,151608.0,39.4,5.973355431335449
大分県,別府市,113735.0,52.25,5.94265375
長野県,上田市,153507.0,38.550003,5.917695318466187
愛知県,知多市,84002.0,69.7,5.854939143646241
静岡県,浜松市浜北区,99643.0,58.7,5.849044176021576
沖縄県,豊見城市,65954.0,87.9,5.797356700637818
神奈川県,高座郡寒川町,49063.0,118.0,5.789434
静岡県,御殿場市,85267.0,67.6,5.7640490698928835
千葉県,袖ケ浦市,65659.0,87.05,5.715616150375366
富山県,高岡市,165714.0,34.4,5.700561852859497
滋賀県,栗東市,70578.0,80.5,5.681529
静岡県,掛川市,115873.0,49.0,5.677777
静岡県,駿東郡長泉町,43553.0,130.0,5.66189
熊本県,熊本市西区,89954.0,62.300003,5.6041344745178225
埼玉県,入間郡三芳町,37738.0,148.5,5.604093
福岡県,太宰府市,71542.0,77.9,5.573121909164429
京都府,八幡市,69469.0,80.0,5.55752
岐阜県,高山市,84338.0,65.65,5.536789828689575
奈良県,香芝市,78782.0,70.05,5.518679340423584
広島県,広島市安芸区,77232.0,71.4,5.51436491784668
山口県,宇部市,160353.0,34.35,5.50812530532074
大阪府,三島郡島本町,31646.0,174.0,5.506404
埼玉県,東松山市,90651.0,60.3,5.466255230838776
宮城県,名取市,79630.0,68.25,5.4347475
青森県,弘前市,164243.0,33.0,5.420019
大阪府,貝塚市,83156.0,64.75,5.384351
長崎県,諫早市,134691.0,39.7,5.347232802761078
静岡県,島田市,96496.0,55.3,5.336228726379394
埼玉県,蓮田市,61211.0,87.1,5.3314780065994265
三重県,松阪市,159000.0,33.5,5.3265
愛知県,碧南市,72645.0,73.0,5.303085
静岡県,富士宮市,129250.0,41.0,5.29925
島根県,出雲市,173835.0,30.4,5.28458393368721
茨城県,古河市,140959.0,37.35,5.264818434913635
愛知県,岩倉市,47821.0,108.0,5.164668
鳥取県,米子市,146139.0,35.2,5.144092911495209
新潟県,上越市,184941.0,27.7,5.122865841098785
兵庫県,高砂市,88166.0,57.85,5.10040296546936
静岡県,袋井市,88562.0,57.5,5.092315
愛知県,蒲郡市,78666.0,64.2,5.05035695993042
千葉県,木更津市,136303.0,37.0,5.043211
茨城県,取手市,106011.0,47.4,5.024921561759949
広島県,尾道市,130007.0,38.45,4.998769249187469
茨城県,ひたちなか市,156435.0,31.85,4.982454809675216
北海道,帯広市,164014.0,30.3,4.969624074867249
福岡県,北九州市門司区,93746.0,52.75,4.9451015
沖縄県,糸満市,62569.0,78.7,4.924180109054565
滋賀県,彦根市,111648.0,44.1,4.923676629638672
静岡県,浜松市西区,107797.0,45.4,4.893983964485169
和歌山県,田辺市,69716.0,69.3,4.831319012756348
北海道,札幌市南区,134537.0,35.75,4.80969775
山口県,周南市,138104.0,34.7,4.792208905364991
神奈川県,三浦郡葉山町,32623.0,146.0,4.762958
茨城県,土浦市,141418.0,33.6,4.751644584213257
福島県,会津若松市,114200.0,41.449997,4.7335896514892575
広島県,安芸郡海田町,30639.0,154.0,4.718406
京都府,木津川市,80109.0,57.9,4.638311222236633
石川県,野々市市,54130.0,85.0,4.60105
三重県,伊勢市,121770.0,37.65,4.584640685806274
愛媛県,四国中央市,83426.0,53.8,4.4883187363510135
愛知県,愛知郡東郷町,43784.0,102.0,4.465968
宮城県,石巻市,136822.0,32.5,4.446715
福岡県,北九州市戸畑区,55857.0,78.65,4.393153135231018
愛媛県,新居浜市,115314.0,38.050003,4.387698051910401
沖縄県,中頭郡北谷町,29056.0,149.0,4.329344
愛知県,犬山市,72733.0,59.2,4.305793655490875
長崎県,大村市,98305.0,43.6,4.286097849998474
石川県,白山市,112916.0,37.8,4.268224713851929
静岡県,伊東市,66286.0,64.15,4.25224700114441
香川県,丸亀市,111575.0,38.1,4.2510073297500615
埼玉県,加須市,112179.0,37.8,4.240366114414215
奈良県,大和高田市,62845.0,67.4,4.23575309589386
北海道,江別市,119169.0,35.2,4.194748890918731
埼玉県,白岡市,52748.0,79.3,4.182916560974121
千葉県,印西市,109953.0,37.6,4.134232632225037
滋賀県,東近江市,112586.0,36.5,4.109389
滋賀県,近江八幡市,82025.0,48.9,4.0110226251602175
愛知県,高浜市,49154.0,81.6,4.010966324996948
千葉県,白井市,62845.0,63.7,4.00322654794693
福岡県,飯塚市,125753.0,31.8,3.998945304058075
埼玉県,北足立郡伊奈町,45221.0,87.4,3.95231546900177
宮崎県,延岡市,117563.0,33.3,3.914847810306549
沖縄県,島尻郡南風原町,40642.0,95.3,3.873182724029541
岐阜県,多治見市,107278.0,35.6,3.819096636306763
千葉県,君津市,81176.0,47.0,3.815272
広島県,三原市,89154.0,42.7,3.806875868019104
栃木県,足利市,142510.0,26.7,3.8050171087265015
京都府,舞鶴市,78194.0,48.4,3.784589719314575
静岡県,伊豆の国市,47261.0,80.0,3.78088
愛知県,知多郡東浦町,50283.0,75.0,3.771225
福岡県,糟屋郡粕屋町,48933.0,76.5,3.7433745
栃木県,栃木市,155669.0,24.0,3.736056
宮城県,多賀城市,62204.0,60.0,3.73224
奈良県,天理市,62081.0,59.95,3.721755997364044
愛知県,愛西市,61618.0,59.5,3.666271
静岡県,駿東郡清水町,31837.0,115.0,3.661255
愛知県,額田郡幸田町,42283.0,86.5,3.6574795
福岡県,古賀市,59234.0,61.7,3.6547378451919554
新潟県,三条市,93403.0,38.9,3.6333768425216673
静岡県,浜松市北区,92140.0,39.1,3.6026738594055177
福岡県,那珂川市,49994.0,71.5,3.574571
北海道,釧路市,160483.0,22.25,3.57074675
埼玉県,秩父市,59244.0,59.800003,3.5427913807983398
福岡県,福津市,68481.0,51.7,3.540467752246857
愛知県,津島市,60623.0,58.4,3.540383292503357
福岡県,北九州市若松区,80590.0,43.3,3.4895469385147093
福岡県,糟屋郡志免町,46560.0,74.65,3.475704071044922
岐阜県,可児市,100612.0,34.5,3.471114
滋賀県,長浜市,115009.0,30.0,3.45027
埼玉県,本庄市,77526.0,44.4,3.442154518295288
北海道,千歳市,97664.0,35.0,3.41824
佐賀県,唐津市,116972.0,29.2,3.4155824892425537
岐阜県,関市,85537.0,39.8,3.404372534740448
福岡県,北九州市八幡東区,63784.0,53.2,3.39330884866333
静岡県,熱海市,34433.0,98.3,3.384764005081177
茨城県,牛久市,84293.0,40.1,3.3801491713790894
佐賀県,鳥栖市,74537.0,45.3,3.376526043132782
群馬県,桐生市,104647.0,32.2,3.369633479839325
栃木県,佐野市,115088.0,29.2,3.360569687805176
山口県,防府市,113927.0,29.4,3.3494537565402984
東京都,西多摩郡瑞穂町,32161.0,104.0,3.344744
京都府,福知山市,76075.0,43.3,3.294047441959381
富山県,射水市,91450.0,35.5,3.246475
沖縄県,名護市,64290.0,50.15,3.2241435980987547
熊本県,八代市,122625.0,26.099998,3.2005123128890993
神奈川県,中郡大磯町,32265.0,98.899994,3.191008303070068
長野県,塩尻市,66118.0,48.2,3.1868876504440307
石川県,小松市,106405.0,29.85,3.1761892905902864
長野県,飯田市,97322.0,32.5,3.162965
滋賀県,野洲市,50711.0,62.3,3.1592952613105774
兵庫県,豊岡市,77758.0,40.4,3.141423318649292
愛知県,海部郡蟹江町,37144.0,84.5,3.138668
沖縄県,中頭郡中城村,22409.0,140.0,3.13726
千葉県,茂原市,87358.0,35.9,3.1361523332977295
山梨県,甲斐市,76598.0,40.9,3.1328583168792723
神奈川県,中郡二宮町,27925.0,112.0,3.1276
長野県,佐久市,98198.0,31.7,3.1128766749191286
千葉県,南房総市,35593.0,87.05,3.0983707586212157
福岡県,宗像市,97319.0,31.8,3.0947441257514954
福岡県,糸島市,103702.0,29.75,3.0851345
大分県,佐伯市,67126.0,45.8,3.0743707487869263
岩手県,北上市,92056.0,33.2,3.0562592702331544
愛知県,弥富市,43861.0,69.15,3.0329882169265745
奈良県,桜井市,55508.0,54.6,3.0307367153015137
沖縄県,中頭郡西原町,35728.0,84.75,3.027948
岡山県,岡山市東区,92651.0,32.6,3.0204224586257933
栃木県,那須塩原市,116733.0,25.75,3.00587475
宮城県,富谷市,52399.0,57.25,2.99984275
新潟県,新発田市,94098.0,31.8,2.9923163282089233
高知県,南国市,46328.0,64.5,2.988156
福井県,越前市,80726.0,36.9,2.9787895231781008
鹿児島県,奄美市,41670.0,71.4,2.975238063583374
熊本県,合志市,64474.0,46.0,2.965804
北海道,苫小牧市,168299.0,17.4,2.9284025357990267
熊本県,天草市,75101.0,38.9,2.9214290145950317
山梨県,南アルプス市,71631.0,40.5,2.9010555
福岡県,小郡市,59760.0,47.6,2.8445759088134768
新潟県,柏崎市,78901.0,36.0,2.840436
大阪府,堺市美原区,37548.0,75.5,2.834874
愛媛県,西条市,105616.0,26.8,2.830508719421387
埼玉県,行田市,78741.0,35.9,2.826802020149231
兵庫県,加古郡播磨町,34811.0,81.1,2.8231720468826293
山形県,鶴岡市,120398.0,23.4,2.8173131540718077
栃木県,鹿沼市,94606.0,29.7,2.80979827217865
岐阜県,羽島市,67076.0,41.8,2.803776748825073
兵庫県,三木市,74872.0,37.4,2.8002129142456056
大阪府,泉南市,59635.0,46.949997,2.7998630680084227
新潟県,新潟市江南区,68237.0,40.9,2.790893404121399
静岡県,湖西市,58400.0,47.35,2.765239910888672
神奈川県,南足柄市,41057.0,67.2,2.7590302747039797
埼玉県,日高市,54615.0,50.5,2.7580575
静岡県,裾野市,49779.0,55.0,2.737845
福井県,坂井市,89369.0,30.5,2.7257545
愛媛県,宇和島市,70019.0,38.7,2.7097353534202577
鹿児島県,姶良市,78077.0,34.4,2.6858489191360473
群馬県,渋川市,73968.0,36.3,2.6850383435668945
埼玉県,北葛飾郡杉戸町,44168.0,60.5,2.672164
愛知県,常滑市,58452.0,45.699997,2.6712562216186524
新潟県,燕市,77401.0,34.45,2.6664645090522767
福岡県,行橋市,72635.0,36.6,2.6584408891677858
埼玉県,幸手市,49404.0,53.8,2.6579351623077394
群馬県,館林市,74427.0,35.7,2.6570439567832946
長野県,茅野市,54637.0,48.1,2.6280396166305544
宮崎県,都城市,161605.0,16.2,2.6180011232948304
岐阜県,土岐市,55842.0,46.75,2.6106135
福井県,敦賀市,63662.0,41.0,2.610142
岩手県,一関市,109697.0,23.7,2.599818983692169
兵庫県,たつの市,74081.0,35.0,2.592835
沖縄県,中頭郡読谷村,42041.0,61.5,2.5855215
岐阜県,瑞穂市,55985.0,46.15,2.5837078354263308
山形県,天童市,61052.0,42.0,2.564184
福岡県,糟屋郡新宮町,33448.0,76.5,2.558772
福岡県,大牟田市,108421.0,23.55,2.5533144672813415
福島県,須賀川市,74634.0,33.95,2.5338243569412233
岐阜県,中津川市,75401.0,33.55,2.5297034924736024
愛知県,丹羽郡扶桑町,35026.0,72.0,2.521872
愛知県,海部郡大治町,33356.0,75.4,2.5150424508972167
京都府,乙訓郡大山崎町,16524.0,152.0,2.511648
静岡県,菊川市,47738.0,52.55,2.5086318635787963
宮城県,大崎市,125444.0,19.849998,2.4900632085876464
福井県,鯖江市,68863.0,36.1,2.485954194923401
大分県,日田市,62080.0,39.4,2.4459520947265627
京都府,相楽郡精華町,36790.0,66.4,2.442856056137085
千葉県,旭市,63379.0,38.4,2.433753696708679
奈良県,磯城郡田原本町,31695.0,76.6,2.427836951637268
奈良県,北葛城郡広陵町,35284.0,68.8,2.427539307678223
長野県,安曇野市,96605.0,25.0,2.415125
宮城県,気仙沼市,58926.0,40.9,2.41007348991394
三重県,名張市,76190.0,31.599998,2.407603883743286
長崎県,西彼杵郡長与町,40395.0,59.0,2.383305
熊本県,菊池郡菊陽町,43714.0,53.8,2.351813166648865
栃木県,真岡市,79391.0,29.6,2.349973630285263
沖縄県,石垣市,49530.0,47.2,2.337816037788391
奈良県,生駒郡斑鳩町,28160.0,82.8,2.3316480859375
千葉県,香取市,71868.0,32.4,2.328523309661865
愛知県,知多郡武豊町,43363.0,53.6,2.324256733833313
徳島県,阿南市,69954.0,33.2,2.3224728533706664
大阪府,泉南郡熊取町,43013.0,53.8,2.3140993671836854
三重県,伊賀市,87168.0,26.25,2.28816
岩手県,奥州市,111632.0,20.3,2.266129514831543
山形県,酒田市,97395.0,23.25,2.26443375
岐阜県,美濃加茂市,57220.0,39.55,2.2630509563446046
長野県,諏訪市,48385.0,46.65,2.257160323829651
和歌山県,岩出市,54215.0,41.25,2.23636875
沖縄県,南城市,45928.0,48.449997,2.2252114598388673
岩手県,花巻市,92385.0,24.05,2.2218591795158384
栃木県,下野市,60140.0,36.7,2.2071380458831786
北海道,北見市,113036.0,19.5,2.204202
鹿児島県,薩摩川内市,92248.0,23.8,2.1955023296203615
福岡県,筑後市,49403.0,44.4,2.1934932753829957
熊本県,玉名市,64066.0,34.2,2.191057248878479
茨城県,筑西市,101606.0,21.5,2.184529
千葉県,八街市,67396.0,32.4,2.1836305028381346
鹿児島県,霧島市,124751.0,17.5,2.1831425
千葉県,銚子市,56373.0,38.699997,2.1816349279632568
兵庫県,赤穂市,45440.0,47.9,2.1765760693359373
福岡県,糟屋郡宇美町,37119.0,58.2,2.1603258283195497
山口県,下松市,57120.0,37.8,2.1591359564208985
和歌山県,海南市,47910.0,44.95,2.1535545365524293
神奈川県,三浦市,41297.0,51.6,2.1309251369857787
新潟県,新潟市北区,71869.0,29.6,2.127322427415848
茨城県,龍ケ崎市,75813.0,28.05,2.1265545921592715
石川県,河北郡津幡町,37508.0,56.5,2.119202
静岡県,田方郡函南町,37042.0,57.2,2.1188024282608033
沖縄県,島尻郡八重瀬町,32630.0,64.8,2.1144240995788572
長崎県,西彼杵郡時津町,29544.0,71.3,2.106487290161133
愛知県,新城市,43812.0,47.7,2.0898324334259035
東京都,西多摩郡奥多摩町,4746.0,438.0,2.078748
長野県,須坂市,49776.0,41.4,2.0607264759521486
千葉県,東金市,57268.0,35.85,2.0530577126159666
岡山県,津山市,97645.0,21.0,2.050545
香川県,坂出市,50931.0,40.25,2.04997275
福岡県,糟屋郡篠栗町,31020.0,66.0,2.04732
岩手県,宮古市,48038.0,42.6,2.0464187266998293
岡山県,総社市,69678.0,29.3,2.0415653468399046
岡山県,玉野市,55721.0,36.6,2.0393885149765016
和歌山県,橋本市,60295.0,33.800003,2.0379711840057375
埼玉県,南埼玉郡宮代町,33514.0,60.8,2.037651174430847
大分県,中津市,83101.0,24.5,2.0359745
宮城県,岩沼市,43656.0,46.55,2.032186766693115
福岡県,糟屋郡須惠町,29270.0,69.2,2.0254839106750486
大阪府,阪南市,51579.0,39.0,2.011581
愛媛県,東温市,33250.0,60.449997,2.0099623985290527
愛媛県,伊予市,35805.0,55.9,2.001499554634094
岐阜県,郡上市,39115.0,51.1,1.9987764403152466
長野県,岡谷市,47691.0,41.75,1.99109925
北海道,恵庭市,70179.0,28.2,1.979047853542328
沖縄県,宮古島市,55562.0,35.55,1.9752290576095581
栃木県,日光市,77546.0,25.2,1.954159259162903
福岡県,うきは市,28213.0,69.2,1.9523395139007569
宮城県,塩竈市,52474.0,37.199997,1.9520326398620604
兵庫県,揖保郡太子町,33773.0,57.5,1.9419475
香川県,観音寺市,57738.0,33.5,1.934223
奈良県,北葛城郡王寺町,24026.0,80.3,1.9292878733215333
滋賀県,湖南市,54601.0,34.8,1.900114758342743
山形県,米沢市,77232.0,24.55,1.8960455410766601
新潟県,新潟市秋葉区,75210.0,25.15,1.8915314713096618
奈良県,葛城市,37805.0,49.4,1.867567057685852
愛媛県,伊予郡松前町,30364.0,61.5,1.867386
群馬県,沼田市,45305.0,41.2,1.866566034564972
栃木県,大田原市,69455.0,26.8,1.8613939470100402
群馬県,藤岡市,62884.0,29.45,1.8519338479766845
山梨県,富士吉田市,47298.0,39.15,1.8517167721710206
愛知県,知多郡阿久比町,28438.0,65.1,1.8513137566070557
宮崎県,日向市,59390.0,30.9,1.835150977344513
秋田県,大仙市,76537.0,23.95,1.8330612083930968
愛媛県,大洲市,40580.0,45.05,1.828128969039917
埼玉県,北葛飾郡松伏町,28398.0,64.3,1.8259914866638183
長野県,伊那市,66016.0,27.55,1.818740749633789
茨城県,神栖市,94710.0,19.2,1.8184320722579956
茨城県,笠間市,73787.0,24.6,1.8151602281475068
岐阜県,恵那市,47564.0,38.1,1.8121883274230957
神奈川県,足柄下郡湯河原町,23899.0,75.55,1.80556952293396
長野県,千曲市,59529.0,30.0,1.78587
兵庫県,洲本市,41826.0,42.65,1.7838789638214112
北海道,小樽市,108548.0,16.4,1.7801871585922242
神奈川県,愛甲郡愛川町,39601.0,44.65,1.7681847104263306
徳島県,板野郡藍住町,35579.0,49.2,1.7504868271446228
兵庫県,加古郡稲美町,30658.0,57.0,1.747506
福岡県,直方市,55655.0,31.3,1.7420014575386047
山形県,東根市,47982.0,36.2,1.7369484366073609
山口県,山陽小野田市,60209.0,28.8,1.7340191540641785
神奈川県,足柄上郡開成町,18566.0,93.2,1.7303511433410645
秋田県,横手市,84294.0,20.5,1.728027
富山県,砺波市,47347.0,36.4,1.7234308722457885
愛知県,丹羽郡大口町,24234.0,70.3,1.7036502739562989
鹿児島県,鹿屋市,100767.0,16.9,1.70296226156044
富山県,魚津市,39919.0,42.6,1.7005493390884399
熊本県,宇城市,57562.0,29.5,1.698079
愛媛県,八幡浜市,31293.0,54.2,1.6960806238746644
埼玉県,羽生市,53951.0,31.0,1.672481
福島県,伊達市,57558.0,29.0,1.669182
茨城県,鹿嶋市,66274.0,25.099998,1.6634772988739013
佐賀県,武雄市,47705.0,34.550003,1.6482078955841064
福岡県,柳川市,63182.0,26.05,1.6458910517959595
宮城県,宮城郡利府町,35960.0,45.75,1.64517
三重県,三重郡菰野町,41283.0,39.7,1.6389351314964296
長崎県,島原市,43169.0,37.9,1.6361051658706665
福島県,二本松市,52162.0,31.3,1.6326705602035523
群馬県,富岡市,46427.0,34.9,1.62030237084198
千葉県,大網白里市,48417.0,33.2,1.6074444369392396
岩手県,滝沢市,55273.0,28.95,1.6001533921699524
滋賀県,甲賀市,89038.0,17.7,1.575972667930603
福岡県,朝倉市,50903.0,30.9,1.5729026805820465
茨城県,結城市,50349.0,31.2,1.5708888384132385
岡山県,瀬戸内市,36525.0,42.9,1.566922555732727
大分県,臼杵市,36137.0,43.3,1.564732072429657
秋田県,由利本荘市,72753.0,21.4,1.556914172246933
愛知県,田原市,59596.0,26.0,1.549496
千葉県,富里市,49404.0,31.2,1.5414048376922607
長野県,中野市,43030.0,35.8,1.5404739671707153
千葉県,館山市,44677.0,34.2,1.527953434085846
富山県,黒部市,40072.0,37.7,1.5107144305725098
福岡県,田川郡福智町,21513.0,69.2,1.4886995343475342
島根県,益田市,44355.0,33.55,1.4881102161598205
静岡県,伊豆市,28872.0,51.35,1.4825771559448242
徳島県,阿波市,35315.0,41.95,1.4814642769432067
宮城県,柴田郡柴田町,36972.0,40.0,1.47888
山梨県,上野原市,22019.0,66.9,1.4730711335983275
高知県,香美市,25381.0,57.9,1.4695599387283325
兵庫県,南あわじ市,45193.0,32.5,1.4687725
岩手県,釜石市,30624.0,47.9,1.4668896467285155
熊本県,宇土市,36483.0,40.2,1.46661662783432
石川県,加賀市,63486.0,23.0,1.460178
岡山県,笠岡市,45534.0,32.0,1.457088
岐阜県,瑞浪市,36105.0,40.3,1.455031472454071
茨城県,石岡市,71817.0,20.2,1.4507034547920228
京都府,久世郡久御山町,15505.0,93.5,1.4497175
山口県,光市,49461.0,29.3,1.4492072622642518
北海道,石狩市,57954.0,25.0,1.44885
山梨県,笛吹市,67641.0,21.4,1.4475173741970062
三重県,亀山市,49503.0,29.15,1.443012431116104
大阪府,泉北郡忠岡町,16675.0,86.5,1.4423875
茨城県,常総市,61562.0,23.400002,1.4405508939361573
沖縄県,島尻郡与那原町,20003.0,71.6,1.4322147694778442
沖縄県,中頭郡北中城村,17936.0,79.6,1.427705572631836
愛知県,西春日井郡豊山町,15929.0,89.5,1.4256455
北海道,虻田郡倶知安町,15636.0,90.9,1.4213124238586425
佐賀県,伊万里市,52721.0,26.9,1.4181948798885347
福井県,小浜市,28317.0,49.9,1.413018343208313
岐阜県,羽島郡岐南町,26243.0,53.8,1.41187337997818
新潟県,新潟市西蒲区,54234.0,26.0,1.410084
広島県,大竹市,26064.0,53.8,1.4022431801147461
和歌山県,紀の川市,59981.0,23.2,1.3915592457618713
茨城県,つくばみらい市,53004.0,26.2,1.3887048404388427
富山県,氷見市,44076.0,31.4,1.3839863831863404
栃木県,下都賀郡壬生町,38600.0,35.7,1.378020029449463
高知県,四万十市,32460.0,42.2,1.3698120247650147
石川県,七尾市,49259.0,27.7,1.3644743375816346
茨城県,那珂郡東海村,38424.0,35.5,1.364052
埼玉県,入間郡毛呂山町,32616.0,41.8,1.3633487751159667
茨城県,那珂市,53839.0,25.3,1.3621266589241028
茨城県,稲敷郡阿見町,49161.0,27.7,1.3617597375068664
福岡県,京都郡苅田町,37767.0,35.949997,1.3577235347442627
広島県,三次市,49557.0,27.3,1.3529060621910096
新潟県,見附市,39045.0,34.6,1.350956940422058
徳島県,吉野川市,38872.0,34.7,1.3488584296569823
兵庫県,小野市,47451.0,28.2,1.33811823620224
島根県,浜田市,50681.0,26.4,1.3379783806667327
石川県,能美市,49708.0,26.9,1.337145181037903
兵庫県,淡路市,42437.0,31.4,1.3325217838115693
山梨県,大月市,22204.0,60.0,1.33224
群馬県,安中市,55245.0,24.099998,1.3314044157028198
福島県,南相馬市,57527.0,23.1,1.328873721944809
新潟県,十日町市,49172.0,27.0,1.327644
福島県,相馬市,33355.0,39.800003,1.3275291017913817
高知県,吾川郡いの町,21504.0,61.7,1.32679681640625
大分県,豊後大野市,33415.0,39.7,1.3265755254936218
熊本県,上益城郡益城町,33718.0,39.25,1.3234315
香川県,三豊市,62258.0,21.2,1.3198696474990845
徳島県,鳴門市,54746.0,24.1,1.3193786208839418
熊本県,菊池郡大津町,36030.0,36.5,1.315095
群馬県,みどり市,49423.0,26.45,1.3072383877067566
兵庫県,加西市,42265.0,30.849998,1.303875185508728
熊本県,上天草市,25015.0,52.0,1.30078
新潟県,南魚沼市,53962.0,24.1,1.3004842205848695
徳島県,小松島市,35894.0,36.1,1.2957733452301026
大分県,宇佐市,53395.0,24.25,1.29482875
群馬県,邑楽郡大泉町,41729.0,31.0,1.293599
鳥取県,倉吉市,44969.0,28.7,1.2906103343086244
福岡県,遠賀郡岡垣町,31697.0,40.6,1.2868981516342164
茨城県,坂東市,52639.0,24.4,1.2843915799198151
熊本県,山鹿市,49397.0,26.0,1.284322
神奈川県,足柄上郡大井町,17363.0,73.8,1.2813894529876708
岡山県,井原市,38064.0,33.6,1.2789503419189454
青森県,十和田市,59024.0,21.650002,1.2778696900634765
兵庫県,丹波篠山市,39923.0,31.95,1.2755398804588318
青森県,三沢市,38274.0,33.25,1.2726105
三重県,いなべ市,44797.0,28.3,1.2677550658226013
新潟県,村上市,55919.0,22.6,1.2637694213314057
山口県,萩市,43685.0,28.9,1.262496483335495
静岡県,榛原郡吉田町,29286.0,42.9,1.2563694446868896
群馬県,佐波郡玉村町,35980.0,34.5,1.24131
奈良県,北葛城郡上牧町,21612.0,57.35,1.239448167022705
沖縄県,中頭郡嘉手納町,13154.0,94.1,1.237791379928589
山梨県,都留市,29168.0,42.25,1.232348
岩手県,紫波郡矢巾町,26570.0,46.1,1.2248769594573974
福岡県,中間市,39912.0,30.650002,1.223302860900879
秋田県,大館市,68083.0,17.95,1.2220899019432068
長崎県,対馬市,28452.0,42.85,1.2191681565856933
北海道,室蘭市,78252.0,15.5,1.212906
埼玉県,大里郡寄居町,32237.0,37.4,1.2056638491897582
埼玉県,比企郡滑川町,19711.0,60.8,1.1984287849617004
愛媛県,伊予郡砥部町,20510.0,58.4,1.1977840312957764
新潟県,小千谷市,33722.0,35.5,1.197131
東京都,西多摩郡日の出町,16409.0,72.850006,1.1953957501525878
千葉県,匝瑳市,34338.0,34.8,1.194962373802185
新潟県,糸魚川市,39772.0,30.0,1.19316
大分県,由布市,33531.0,35.5,1.1903505
山梨県,韮崎市,28356.0,41.8,1.1852807783660888
熊本県,荒尾市,50415.0,23.45,1.1822317884635924
奈良県,北葛城郡河合町,17065.0,69.100006,1.179191604156494
高知県,香南市,33009.0,35.7,1.1784213251838684
静岡県,下田市,20099.0,58.5,1.1757915
山形県,寒河江市,40086.0,29.3,1.174519769416809
静岡県,牧之原市,43497.0,27.0,1.174419
和歌山県,有田郡有田川町,25641.0,45.8,1.1743577804374694
石川県,河北郡内灘町,26154.0,44.75,1.1703915
新潟県,新潟市南区,43150.0,27.0,1.16505
京都府,南丹市,30499.0,38.15,1.1635368965377808
岡山県,浅口市,33382.0,34.8,1.161693574531555
山梨県,中巨摩郡昭和町,21101.0,54.4,1.1478944321975708
山梨県,山梨市,33511.0,34.2,1.146076225566864
山梨県,南都留郡富士河口湖町,26765.0,42.8,1.1455419795799255
佐賀県,小城市,44365.0,25.7,1.1401805338478088
福岡県,八女市,60943.0,18.6,1.1335398232479095
沖縄県,国頭郡金武町,11451.0,98.9,1.1325039174728393
香川県,善通寺市,30682.0,36.9,1.1321658468170166
岐阜県,本巣市,33092.0,34.2,1.1317464252471925
兵庫県,丹波市,61717.0,18.3,1.1294210529136657
熊本県,菊池市,47103.0,23.9,1.1257616820316314
新潟県,五泉市,47274.0,23.7,1.1203938360671997
茨城県,常陸太田市,48222.0,23.2,1.1187504367904664
沖縄県,国頭郡恩納村,11298.0,98.9,1.1173722172393799
福岡県,遠賀郡水巻町,27810.0,40.1,1.1151809575653076
和歌山県,新宮市,26924.0,41.4,1.1146536410827637
兵庫県,神崎郡市川町,11119.0,100.0,1.1119
和歌山県,有田市,26214.0,42.3,1.1088521800003053
茨城県,北茨城市,41448.0,26.5,1.098372
宮城県,亘理郡亘理町,33270.0,33.0,1.09791
岩手県,大船渡市,33540.0,32.6,1.0934039488220215
奈良県,生駒郡三郷町,22540.0,48.4,1.0909360343933105
兵庫県,朝来市,28676.0,37.9,1.0868204437561035
高知県,土佐市,26334.0,41.1,1.082327359817505
京都府,京丹後市,51981.0,20.8,1.0812047603416444
徳島県,板野郡北島町,23574.0,45.6,1.0749743640289307
香川県,さぬき市,45822.0,23.4,1.0722347825202942
富山県,南砺市,47778.0,22.4,1.0702271817741393
大分県,速見郡日出町,28115.0,38.050003,1.069775835800171
兵庫県,神崎郡神河町,10661.0,100.0,1.0661
福岡県,田川市,45704.0,23.3,1.0649031651306153
兵庫県,相生市,27974.0,37.95,1.0616133213424683
岩手県,紫波郡紫波町,33049.0,32.0,1.057568
宮城県,栗原市,63299.0,16.7,1.0570933482933045
愛媛県,西予市,35232.0,29.8,1.0499135731201172
栃木県,さくら市,43984.0,23.8,1.046819166442871
埼玉県,児玉郡上里町,30554.0,34.15,1.0434191466217042
島根県,安来市,36391.0,28.65,1.0426021361179352
宮崎県,日南市,49989.0,20.599998,1.0297733237228393
長野県,北佐久郡軽井沢町,21510.0,47.75,1.0271025
岐阜県,羽島郡笠松町,21828.0,47.05,1.0270073833465576
静岡県,浜松市天竜区,26231.0,38.800003,1.017762880050659
岡山県,備前市,32068.0,31.599998,1.0133487510681152
青森県,五所川原市,51637.0,19.3,0.9965940606040955
三重県,員弁郡東員町,25934.0,38.1,0.9880853604278564
岐阜県,不破郡垂井町,26255.0,37.2,0.9766860200309754
北海道,河東郡音更町,43268.0,22.55,0.9756933669891358
鹿児島県,日置市,46992.0,20.7,0.9727344358520508
宮城県,登米市,74795.0,13.0,0.972335
神奈川県,足柄上郡松田町,10616.0,90.7,0.9628711676025391
奈良県,御所市,24070.0,40.0,0.9628
福岡県,三潴郡大木町,13897.0,69.2,0.9616723575897217
茨城県,下妻市,42419.0,22.65,0.9607903338184357
山梨県,甲州市,29925.0,32.1,0.9605924543380737
岡山県,真庭市,42586.0,22.5,0.958185
兵庫県,川辺郡猪名川町,29570.0,32.25,0.9536325
広島県,竹原市,23586.0,40.4,0.9528744359893799
山形県,新庄市,33374.0,28.5,0.951159
長野県,小諸市,41623.0,22.85,0.9510855658779144
福島県,喜多方市,45078.0,21.0,0.946638
石川県,かほく市,35931.0,26.3,0.9449852725868225
兵庫県,加東市,39719.0,23.650002,0.9393544106063842
福島県,田村,25802.0,36.4,0.9391928393707275
岡山県,新見市,27244.0,34.4,0.9371936415710449
京都府,綾部市,31959.0,29.2,0.933202824382782
長野県,駒ヶ根市,31892.0,29.25,0.932841
栃木県,河内郡上三川町,30886.0,30.2,0.9327572235641479
兵庫県,神崎郡福崎町,18746.0,49.6,0.929801571395874
兵庫県,西脇市,38716.0,24.0,0.929184
北海道,岩見沢市,76753.0,12.1,0.928711329278946
宮城県,柴田郡大河原町,23578.0,39.3,0.9266153820114136
沖縄県,国頭郡今帰仁村,9364.0,98.9,0.9260996142883301
広島県,安芸郡熊野町,23485.0,39.0,0.915915
徳島県,三好市,23530.0,38.9,0.9153170359039307
佐賀県,神埼市,30624.0,29.8,0.9125951766357422
山口県,柳井市,30201.0,30.150002,0.9105601960830688
山形県,西村,35725.0,25.4,0.907414986371994
岡山県,高梁市,27650.0,32.7,0.9041550210952759
宮城県,東松島市,38919.0,23.2,0.9029208296928406
鹿児島県,出水市,52191.0,17.2,0.897685239818573
岐阜県,下呂市,30118.0,29.7,0.8945046229782104
山梨県,中央市,30802.0,29.0,0.893258
東京都,西多摩郡檜原村,2038.0,438.0,0.892644
新潟県,阿賀野市,40353.0,22.1,0.8918013153934479
岐阜県,本巣郡北方町,18695.0,47.7,0.891751514263153
佐賀県,嬉野市,25090.0,35.4,0.8881860382843018
北海道,北斗市,44366.0,19.7,0.8740102338485718
山形県,南陽市,29848.0,29.0,0.865592
三重県,志摩市,46159.0,18.7,0.8631733352165222
徳島県,名西郡石井町,25097.0,33.85,0.8495334117050171
山形県,上山市,28584.0,29.7,0.8489448218078613
千葉県,鴨川市,31277.0,27.05,0.8460428261375427
広島県,府中市,36563.0,23.1,0.8446053139476776
長野県,諏訪郡下諏訪町,19108.0,44.1,0.8426627708435058
茨城県,小美玉市,49224.0,17.1,0.8417304187774658
茨城県,かすみがうら市,40628.0,20.7,0.840999630996704
埼玉県,比企郡小川町,28244.0,29.699999,0.8388467676773071
宮城県,黒川郡大和町,28179.0,29.7,0.8369163214988709
岡山県,赤磐市,43392.0,19.2,0.8331264331054687
栃木県,下都賀郡野木町,25164.0,32.85,0.8266373616027832
岩手県,久慈市,32645.0,25.25,0.82428625
秋田県,湯沢市,41479.0,19.8,0.8212841683540344
長野県,東御市,29557.0,27.4,0.8098617887248993
広島県,安芸高田市,26979.0,30.0,0.80937
香川県,綾歌郡宇多津町,18446.0,43.699997,0.8060901437072754
富山県,滑川市,32878.0,24.4,0.8022231874580383
静岡県,御前崎市,30706.0,26.05,0.7998912765731812
奈良県,高市,11594.0,68.9,0.79882661769104
石川県,鹿島郡中能登町,17119.0,46.5,0.7960335
埼玉県,比企郡川島町,19188.0,41.45,0.7953426146392822
茨城県,常陸大宮市,39370.0,20.2,0.7952740300369263
新潟県,加茂市,25052.0,31.7,0.7941484191131591
岐阜県,海津市,32582.0,24.3,0.7917425751419067
滋賀県,愛知郡愛荘町,21332.0,36.9,0.7871508325500488
栃木県,矢板市,30946.0,25.4,0.7860283881950378
埼玉県,秩父郡長瀞町,6660.0,118.0,0.78588
福岡県,大川市,32359.0,24.2,0.7830878246879578
福岡県,朝倉郡筑前町,30233.0,25.8,0.7800113769340515
熊本県,水俣市,22709.0,34.3,0.778918682674408
島根県,雲南市,35738.0,21.5,0.768367
福岡県,みやま市,35481.0,21.45,0.7610674770698548
長崎県,南島原市,42556.0,17.8,0.7574967675323486
熊本県,球磨郡あさぎり町,14554.0,52.0,0.756808
石川県,輪島市,24021.0,31.2,0.7494552183265686
長崎県,五島市,35025.0,21.349998,0.7477836965560913
熊本県,人吉市,30734.0,24.2,0.7437628234481811
青森県,むつ市,53884.0,13.8,0.7435992102775574
宮崎県,小林市,43554.0,16.9,0.7360625833854675
沖縄県,島尻郡久米島町,7413.0,98.9,0.7331457113113403
富山県,小矢部市,28602.0,25.6,0.7322112109107971
千葉県,夷隅郡大多喜町,8365.0,87.05,0.7281732755279541
福岡県,遠賀郡遠賀町,19109.0,38.0,0.726142
佐賀県,鹿島市,27914.0,25.849998,0.7215768574066163
広島県,安芸郡坂町,12839.0,56.2,0.7215518097953796
福岡県,田川郡香春町,10370.0,69.2,0.7176039683532714
滋賀県,高島市,46394.0,15.4,0.7144675823020935
埼玉県,比企郡嵐山町,17596.0,40.5,0.712638
広島県,庄原市,32629.0,21.8,0.7113121751060486
熊本県,上益城郡山都町,13623.0,52.0,0.708396
和歌山県,西牟婁郡白浜町,20463.0,34.6,0.70801976877594
群馬県,邑楽郡邑楽町,25810.0,27.400002,0.7071940393829346
三重県,三重郡川越町,15535.0,45.5,0.7068425
奈良県,生駒郡平群町,18434.0,38.2,0.7041788140640258
岡山県,都窪郡早島町,12648.0,55.65,0.7038612192993164
群馬県,北群馬郡吉岡町,22371.0,31.4,0.7024493914661407
岐阜県,飛騨市,22527.0,30.9,0.6960842914066314
千葉県,印旛郡酒々井町,20339.0,34.2,0.6955938155174255
滋賀県,米原市,37761.0,18.4,0.6948023855953217
北海道,網走市,33444.0,20.6,0.6889464127578735
京都府,宮津市,16721.0,41.1,0.6872330744857789
大阪府,南河内郡太子町,12959.0,52.949997,0.6861790104522705
秋田県,能代市,49353.0,13.9,0.6860066811733246
千葉県,富津市,41773.0,16.4,0.6850771840648651
長崎県,雲仙市,41829.0,16.3,0.6818126680870056
奈良県,宇陀市,27941.0,24.25,0.67756925
北海道,伊達市,32395.0,20.8,0.6738159752845764
千葉県,印旛郡栄町,19933.0,33.75,0.67273875
高知県,須崎市,20268.0,33.0,0.668844
新潟県,佐渡市,50651.0,13.2,0.6685931903390885
香川県,綾歌郡綾川町,23368.0,28.5,0.665988
茨城県,東茨城郡茨城町,31098.0,21.349998,0.6639422525482178
岐阜県,美濃市,19494.0,33.95,0.6618213148727417
千葉県,いすみ市,35896.0,18.3,0.6568967726135254
宮城県,白石市,31968.0,20.45,0.6537456243896484
福島県,本宮市,29958.0,21.8,0.6530843771438599
宮城県,宮城郡七ヶ浜町,18014.0,35.9,0.6467026274871827
宮崎県,西都市,28867.0,22.4,0.6466207889881134
茨城県,猿島郡境町,24785.0,25.9,0.6419314905452729
香川県,仲多度郡多度津町,22126.0,29.0,0.641654
岐阜県,養老郡養老町,26858.0,23.849998,0.6405632590179443
大阪府,豊能郡豊能町,18526.0,34.5,0.639147
鹿児島県,いちき串木野市,26468.0,24.1,0.6378788100967407
福井県,あわら市,26900.0,23.5,0.63215
山口県,長門市,31664.0,19.8,0.6269471758422852
佐賀県,三養基郡基山町,17545.0,35.7,0.6263565133857727
大分県,杵築市,27295.0,22.9,0.6250554895877838
岡山県,美作市,26035.0,24.0,0.62484
香川県,東かがわ市,28498.0,21.900002,0.6241062434844971
沖縄県,国頭郡宜野座村,6303.0,98.9,0.6233667096176148
奈良県,五條市,28039.0,22.2,0.6224658213920593
山形県,東村,24407.0,25.4,0.6199377906894684
福井県,吉田郡永平寺町,18037.0,34.3,0.6186690862388611
福島県,白河市,58743.0,10.5,0.6168015
静岡県,駿東郡小山町,17611.0,35.0,0.616385
茨城県,高萩市,26866.0,22.8,0.6125447795028687
徳島県,板野郡松茂町,14723.0,41.5,0.6110045
千葉県,安房郡鋸南町,6990.0,87.05,0.6084795213317871
長野県,上伊那郡箕輪町,24662.0,24.6,0.6066852094078063
徳島県,美馬市,27354.0,22.1,0.6045234104347229
山梨県,北杜市,45984.0,13.1,0.6023904175415039
広島県,神石郡神石高原町,8249.0,72.8,0.6005272251739502
茨城県,桜川市,39041.0,15.35,0.5992793648929596
和歌山県,御坊市,22049.0,27.1,0.597527908411026
宮城県,角田市,27262.0,21.849998,0.5956746584014893
埼玉県,比企郡吉見町,18117.0,32.85,0.5951434223556519
福岡県,豊前市,24195.0,24.5,0.5927775
香川県,木田郡三木町,27310.0,21.7,0.5926270208358765
福岡県,田川郡糸田町,8527.0,69.2,0.5900683739776611
岩手県,二戸市,25138.0,23.45,0.589486119178772
千葉県,長生郡睦沢町,6746.0,87.05,0.5872393205871582
福井県,大野市,30969.0,18.9,0.5853140881862641
岐阜県,安八郡神戸町,18577.0,31.4,0.5833177929134369
熊本県,八代郡氷川町,11179.0,52.0,0.581308
千葉県,山武市,49103.0,11.8,0.5794154093656539
北海道,登別市,45226.0,12.8,0.578892808626175
鹿児島県,南さつま市,32279.0,17.9,0.5777940876865387
福岡県,宮若市,26746.0,21.5,0.575039
福島県,西白河郡西郷村,20317.0,28.2,0.5729394155006409
徳島県,三好郡東みよし町,13628.0,41.95,0.5716946103973388
石川県,羽咋郡宝達志水町,12257.0,46.5,0.5699505
岡山県,久米郡美咲町,13222.0,42.9,0.5672238201751709
鹿児島県,南九州市,32745.0,17.3,0.5664884750175476
岩手県,遠野市,25058.0,22.55,0.5650578808822632
千葉県,長生郡長柄町,6444.0,87.05,0.5609502196655274
岐阜県,安八郡安八町,14512.0,38.449997,0.5579863557128907
三重県,三重郡朝日町,11106.0,49.9,0.5541894169464111
富山県,下新川郡入善町,23136.0,23.8,0.5506367823486328
高知県,安芸市,16235.0,33.85,0.5495547252273559
栃木県,塩谷郡高根沢町,29074.0,18.85,0.5480449110908509
徳島県,板野郡板野町,13039.0,41.95,0.5469860599479676
岐阜県,揖斐郡池田町,22990.0,23.7,0.544863017539978
北海道,中川郡幕別町,25897.0,21.0,0.543837
新潟県,妙高市,30345.0,17.9,0.5431754884243012
大分県,津久見市,15868.0,33.8,0.5363383878936767
熊本県,球磨郡錦町,10282.0,52.0,0.534664
熊本県,上益城郡甲佐町,10273.0,52.0,0.534196
奈良県,磯城郡川西町,8217.0,65.0,0.534105
三重県,尾鷲市,16319.0,32.7,0.533631312450409
佐賀県,三養基郡みやき町,25752.0,20.7,0.5330664196472168
宮城県,遠田郡美里町,23483.0,22.7,0.5330641179161072
熊本県,阿蘇郡南阿蘇村,10155.0,52.0,0.52806
兵庫県,養父市,21969.0,24.0,0.527256
新潟県,胎内市,27718.0,19.0,0.526642
京都府,与謝郡与謝野町,20199.0,26.0,0.525174
福岡県,八女郡広川町,19366.0,27.0,0.522882
福岡県,三井郡大刀洗町,16038.0,32.5,0.521235
兵庫県,宍粟市,35309.0,14.7,0.5190422932653427
鳥取県,境港市,32985.0,15.7,0.5178644937086105
岐阜県,揖斐郡大野町,22056.0,23.4,0.5161103915863037
和歌山県,伊都郡かつらぎ町,15915.0,32.2,0.5124630121421814
福岡県,築上郡上毛町,7391.0,69.2,0.511457177444458
広島県,豊田郡大崎上島町,7022.0,72.8,0.5112016214294434
北海道,亀田郡七飯町,27934.0,18.2,0.5083988213119507
愛媛県,喜多郡内子町,15406.0,32.7,0.5037762117538452
大分県,竹田市,19890.0,25.3,0.5032169848251343
岩手県,九戸郡洋野町,15421.0,32.6,0.5027245764694214
千葉県,香取郡神崎町,5761.0,87.05,0.5014950675811768
三重県,熊野市,15738.0,31.8,0.5004683879928589
京都府,相楽郡和束町,3600.0,139.0,0.5004
高知県,宿毛市,19178.0,26.0,0.498628
島根県,大田市,32773.0,15.2,0.4981495937490463
大阪府,泉南郡田尻町,8498.0,58.5,0.497133
岩手県,胆沢郡金ケ崎町,15239.0,32.6,0.49679137674713136
熊本県,上益城郡御船町,17051.0,29.1,0.4961841065044403
静岡県,賀茂郡西伊豆町,7098.0,69.6,0.4940207891693115
北海道,富良野市,20223.0,24.4,0.49344119228553773
山形県,村山市,22232.0,21.9,0.486880791519165
岡山県,浅口郡里庄町,11040.0,43.9,0.48465601684570314
長崎県,平戸市,29162.0,16.6,0.48408921112442016
熊本県,玉名郡和水町,9303.0,52.0,0.483756
兵庫県,美方郡新温泉町,13416.0,36.0,0.482976
徳島県,板野郡上板町,11474.0,41.95,0.48133430875396727
静岡県,周智郡森町,17431.0,27.6,0.4810956066493988
三重県,鳥羽市,17215.0,27.7,0.4768555131340027
宮崎県,北諸県郡三股町,25992.0,18.3,0.47565358016967774
愛知県,知多郡美浜町,21131.0,22.5,0.4754475
山形県,東置賜郡高畠町,22094.0,21.4,0.47281159157180785
青森県,黒石市,31557.0,14.95,0.4717771439809799
宮崎県,児湯郡高鍋町,19729.0,23.9,0.4715230924739838
熊本県,下益城郡美里町,9062.0,52.0,0.471224
熊本県,玉名郡南関町,9001.0,52.0,0.468052
大阪府,南河内郡河南町,14995.0,31.2,0.4678440114402771
山形県,長井市,25276.0,18.45,0.4663422192840576
愛媛県,南宇和郡愛南町,19575.0,23.7,0.4639275149345398
栃木県,芳賀郡益子町,21876.0,21.2,0.4637712166900635
熊本県,球磨郡多良木町,8828.0,52.0,0.459056
鹿児島県,指宿市,38487.0,11.9,0.45799528531837463
長野県,上高井郡小布施町,10992.0,41.65,0.45781681677246094
広島県,江田島市,21393.0,21.4,0.4578101918392181
長崎県,北松浦郡佐々町,14103.0,32.35,0.4562320284805298
鳥取県,八頭郡八頭町,16113.0,28.2,0.4543866122932434
新潟県,魚沼市,33722.0,13.4,0.45187478713607787
愛知県,北設楽郡設楽町,4342.0,104.0,0.451568
宮城県,加美郡加美町,21774.0,20.7,0.45072181661224364
長野県,飯山市,19705.0,22.85,0.45025925751686097
茨城県,鉾田市,47181.0,9.525,0.44939900700187685
鹿児島県,伊佐市,23967.0,18.7,0.4481829182853699
岐阜県,揖斐郡揖斐川町,19536.0,22.9,0.4473743925476074
山口県,玖珂郡和木町,5974.0,74.600006,0.44566043646240233
沖縄県,国頭郡国頭村,4504.0,98.9,0.4454456068725586
神奈川県,足柄上郡中井町,9068.0,48.7,0.44161160691833495
鹿児島県,枕崎市,19715.0,22.2,0.4376730150413513
広島県,山県郡北広島町,17471.0,25.0,0.436775
福井県,丹生郡越前町,20394.0,21.3,0.4343921844406128
福島県,田村郡三春町,16489.0,26.2,0.4320118125801086
沖縄県,国頭郡伊江村,4366.0,98.9,0.4317974066619873
埼玉県,比企郡鳩山町,13158.0,32.7,0.4302666100387573
北海道,滝川市,38062.0,11.3,0.43010060725975036
長野県,大町市,26085.0,16.45,0.42909826990127564
富山県,中新川郡立山町,24920.0,17.2,0.4286240190124512
佐賀県,杵島郡白石町,21741.0,19.7,0.42829771658706667
茨城県,稲敷市,38377.0,11.15,0.4279035353603363
埼玉県,入間郡越生町,11074.0,38.6,0.427456383102417
北海道,釧路郡釧路町,18879.0,22.6,0.426665407201767
長野県,下高井郡山ノ内町,11499.0,37.1,0.42661288245391843
愛媛県,西宇和郡伊方町,8395.0,50.800003,0.42646602561950686
三重県,多気郡明和町,22910.0,18.55,0.42498048252105713
沖縄県,八重山郡竹富町,4288.0,98.9,0.42408320654296877
静岡県,賀茂郡東伊豆町,11414.0,37.1,0.42345938258361815
静岡県,榛原郡川根本町,6078.0,69.6,0.423028790725708
茨城県,東茨城郡大洗町,15932.0,26.5,0.422198
島根県,江津市,22134.0,19.0,0.420546
佐賀県,神埼郡吉野ヶ里町,16228.0,25.8,0.41868238761901855
福井県,大飯郡高浜町,9848.0,42.2,0.4155856075134277
静岡県,賀茂郡松崎町,5971.0,69.6,0.41558159088897706
三重県,南牟婁郡紀宝町,10436.0,39.8,0.4153527920379639
福島県,河沼郡会津坂下町,14777.0,28.1,0.41523370563697815
広島県,山県郡安芸太田町,5700.0,72.8,0.41496001739501953
北海道,野付郡別海町,14372.0,28.8,0.41391358903503417
群馬県,吾妻郡中之条町,14938.0,27.6,0.41228880569839477
長野県,上伊那郡辰野町,18611.0,21.9,0.4075808929004669
千葉県,勝浦市,16097.0,25.3,0.4072540877189636
山梨県,西八代郡市川三郷町,14976.0,27.150002,0.4065984228515625
岐阜県,山県市,25545.0,15.900001,0.40616551461696626
岩手県,陸前高田市,17970.0,22.55,0.405223486289978
愛知県,知多郡南知多町,16322.0,24.7,0.40315341245269776
長野県,埴科郡坂城町,14254.0,28.2,0.40196281087493896
三重県,多気郡多気町,14000.0,28.7,0.40180001068115234
奈良県,吉野郡大淀町,16438.0,24.4,0.40108719372940066
沖縄県,国頭郡本部町,13002.0,30.65,0.3985112950401306
青森県,平川市,30126.0,13.1,0.39465061149215697
和歌山県,日高郡みなべ町,11988.0,32.9,0.39440521829223635
福島県,田村市,34264.0,11.5,0.394036
鳥取県,西伯郡大山町,15320.0,25.7,0.3937240116882324
宮崎県,東諸県郡国富町,18695.0,21.05,0.3935297357368469
北海道,稚内市,31644.0,12.4,0.392385587928772
群馬県,利根郡みなかみ町,17602.0,22.25,0.3916445
和歌山県,東牟婁郡串本町,14715.0,26.599998,0.3914189775466919
神奈川県,足柄上郡山北町,9577.0,40.7,0.3897839073066711
長野県,南佐久郡佐久穂町,10488.0,37.1,0.38910478399658205
栃木県,那須郡那須町,24281.0,16.0,0.388496
岐阜県,可児郡御嵩町,17775.0,21.8,0.38749498643875124
大分県,玖珠郡九重町,8729.0,44.3,0.3866946933403015
宮城県,加美郡色麻町,6401.0,60.3,0.38598029511642457
宮崎県,東臼杵郡門川町,17385.0,22.2,0.3859470132637024
福島県,西白河郡矢吹町,16960.0,22.6,0.38329600646972656
鳥取県,東伯郡湯梨浜町,16515.0,23.2,0.3831480125999451
神奈川県,足柄下郡箱根町,10845.0,35.0,0.379575
奈良県,生駒郡安堵町,7100.0,52.95,0.3759450054168701
島根県,隠岐郡隠岐の島町,13551.0,27.7,0.37536271033859253
富山県,中新川郡上市町,19228.0,19.5,0.374946
和歌山県,日高郡日高川町,9360.0,40.0,0.3744
山形県,西村山郡河北町,17322.0,21.6,0.3741552066078186
長崎県,松浦市,21369.0,17.5,0.3739575
茨城県,潮来市,26890.0,13.9,0.37377098974227907
高知県,高岡郡四万十町,15761.0,23.5,0.3703835
高知県,高岡郡佐川町,12238.0,30.1,0.3683638046684265
栃木県,那須烏山市,24601.0,14.95,0.36778494530773165
和歌山県,有田郡湯浅町,11172.0,32.9,0.3675588170471191
岩手県,八幡平市,23975.0,15.3,0.3668175045728683
福岡県,嘉麻市,35532.0,10.3,0.36597960677719116
山梨県,南巨摩郡富士川町,14340.0,25.5,0.36567
群馬県,北群馬郡榛東村,14610.0,25.0,0.36525
福島県,双葉郡大熊町,10002.0,36.4,0.3640728152618408
石川県,羽咋市,20166.0,18.0,0.362988
徳島県,海部郡海陽町,8645.0,41.95,0.36265775659561156
福井県,南条郡南越前町,9825.0,36.8,0.36155999250411985
福岡県,遠賀郡芦屋町,13145.0,27.5,0.3614875
熊本県,阿蘇郡西原村,6926.0,52.0,0.360152
和歌山県,東牟婁郡那智勝浦町,14036.0,25.4,0.3565143946456909
福岡県,田川郡大任町,5147.0,69.2,0.35617238429260256
福井県,勝山市,21821.0,16.3,0.3556822833518982
鹿児島県,大島郡瀬戸内町,8442.0,41.9,0.35371981288146975
兵庫県,美方郡香美町,16024.0,22.0,0.352528
香川県,小豆郡土庄町,13000.0,27.1,0.35230000495910646
鹿児島県,薩摩郡さつま町,19534.0,18.0,0.351612
秋田県,にかほ市,23047.0,15.25,0.35146675
神奈川県,足柄下郡真鶴町,6880.0,50.8,0.34950399475097654
京都府,相楽郡南山城村,2505.0,139.0,0.348195
香川県,仲多度郡まんのう町,17610.0,19.7,0.3469170134353638
大分県,玖珠郡玖珠町,14384.0,24.0,0.345216
熊本県,阿蘇郡小国町,6634.0,52.0,0.344968
北海道,河西郡芽室町,18029.0,19.1,0.3443539068775177
大分県,国東市,26179.0,13.1,0.34294490998649596
三重県,多気郡大台町,8595.0,39.8,0.3420809934425354
熊本県,天草郡苓北町,6571.0,52.0,0.341692
山形県,東田川郡庄内町,19897.0,17.1,0.34023870759010316
鹿児島県,志布志市,29808.0,11.39,0.33951313023376467
長崎県,東彼杵郡川棚町,13400.0,25.2,0.33768001022338867
福岡県,糟屋郡久山町,9324.0,36.1,0.33659638577270506
奈良県,磯城郡三宅町,6601.0,50.85,0.3356608399276733
三重県,度会郡玉城町,15162.0,22.0,0.333564
岐阜県,加茂郡白川町,7421.0,44.8,0.33246079433822634
大阪府,泉南郡岬町,14793.0,22.4,0.33136319435691836
鹿児島県,曽於市,33600.0,9.764999,0.3281039794921875
佐賀県,西松浦郡有田町,19051.0,17.15,0.32672464273262025
福井県,三方上中郡若狭町,13870.0,23.55,0.3266384894180298
和歌山県,海草郡紀美野町,8098.0,40.0,0.32392
福岡県,鞍手郡鞍手町,15172.0,21.3,0.3231635884246826
鹿児島県,大島郡徳之島町,10290.0,31.25,0.3215625
宮崎県,児湯郡新富町,16888.0,19.0,0.320872
鳥取県,東伯郡琴浦町,16435.0,19.5,0.3204825
北海道,標津郡中標津町,22729.0,14.1,0.3204789086704254
熊本県,阿蘇市,24751.0,12.9,0.3192878905582428
愛媛県,越智郡上島町,6283.0,50.800003,0.3191764191741943
和歌山県,日高郡日高町,7959.0,40.0,0.31836
山形県,東村山郡山辺町,13685.0,23.2,0.3174920104408264
福島県,岩瀬郡鏡石町,12531.0,25.3,0.31703429043960574
長野県,東筑摩郡山形村,8538.0,37.1,0.3167597869720459
和歌山県,日高郡印南町,7915.0,40.0,0.3166
岩手県,上閉伊郡大槌町,10928.0,28.9,0.3158191958312988
熊本県,阿蘇郡高森町,6057.0,52.0,0.314964
徳島県,那賀郡那賀町,7490.0,41.95,0.3142055057144165
長崎県,南松浦郡新上五島町,17611.0,17.8,0.3134757865638733
佐賀県,杵島郡江北町,9609.0,32.6,0.3132533853378296
北海道,名寄市,26020.0,12.0,0.31224
岩手県,下閉伊郡山田町,14486.0,21.5,0.311449
三重県,度会郡度会町,7806.0,39.8,0.3106787940444946
熊本県,葦北郡芦北町,15724.0,19.75,0.310549
秋田県,鹿角市,28473.0,10.9,0.3103556891384125
埼玉県,秩父郡皆野町,9236.0,33.5,0.309406
高知県,土佐清水市,12271.0,25.05,0.30738854063797
大分県,豊後高田市,22177.0,13.849999,0.3071514373102188
三重県,度会郡大紀町,7633.0,39.8,0.30379339417648316
岡山県,小田郡矢掛町,13438.0,22.6,0.3036988051261902
福島県,石川郡石川町,14122.0,21.5,0.303623
島根県,邑智郡邑南町,9961.0,30.4,0.3028143962001801
山口県,熊毛郡田布施町,14550.0,20.7,0.30118501110076906
宮城県,宮城郡松島町,13321.0,22.6,0.30105460508155824
沖縄県,国頭郡大宜味村,3044.0,98.9,0.3010516046447754
埼玉県,秩父郡東秩父村,2548.0,118.0,0.300664
山口県,美祢市,22166.0,13.5,0.299241
長野県,諏訪郡原村,8063.0,37.1,0.2991372876968384
群馬県,邑楽郡明和町,10875.0,27.5,0.2990625
京都府,綴喜郡宇治田原町,8893.0,33.6,0.2988047864303589
千葉県,山武郡横芝光町,22697.0,13.15,0.2984655413417816
滋賀県,蒲生郡日野町,20987.0,14.2,0.2980153959970474
福島県,伊達郡桑折町,11229.0,26.5,0.2975685
愛知県,北設楽郡東栄町,2850.0,104.0,0.2964
長崎県,壱岐市,24956.0,11.85,0.2957286095199585
長野県,諏訪郡富士見町,14226.0,20.7,0.29447821085357667
熊本県,上益城郡嘉島町,10072.0,29.0,0.292088
福井県,大飯郡おおい町,7906.0,36.8,0.29094079396820066
長野県,上伊那郡南箕輪村,16010.0,18.1,0.2897810061073303
岐阜県,不破郡関ケ原町,6466.0,44.8,0.28967679506683347
秋田県,山本郡三種町,15020.0,19.2,0.2883840114593506
北海道,日高郡新ひだか町,21040.0,13.7,0.28824799598693845
福島県,東白川郡棚倉町,13277.0,21.7,0.2881109101295471
香川県,仲多度郡琴平町,8434.0,34.0,0.286756
山梨県,南巨摩郡南部町,7079.0,40.5,0.2866995
福島県,大沼郡会津美里町,18944.0,15.1,0.2860544072265625
高知県,室戸市,12015.0,23.650002,0.28415476833343506
秋田県,仙北市,24100.0,11.7,0.2819699954032898
新潟県,中魚沼郡津南町,8865.0,31.75,0.28146375
滋賀県,蒲生郡竜王町,11543.0,24.3,0.2804948911933899
福島県,伊達郡川俣町,11958.0,23.4,0.279817195438385
福岡県,築上郡築上町,17309.0,16.15,0.2795403433971405
栃木県,芳賀郡芳賀町,15549.0,17.95,0.2791045618629456
山梨県,南都留郡忍野村,9799.0,28.4,0.27829159626197814
秋田県,男鹿市,24784.0,11.200001,0.2775808189086914
佐賀県,多久市,18285.0,15.1,0.27610350697517394
熊本県,玉名郡玉東町,5241.0,52.0,0.272532
京都府,与謝郡伊根町,1951.0,139.0,0.271189
岩手県,九戸郡軽米町,8312.0,32.6,0.2709711873168945
京都府,綴喜郡井手町,7009.0,38.6,0.27054738930511474
長崎県,西海市,25747.0,10.5,0.2703435
北海道,根室市,23546.0,11.450001,0.26960171796417237
佐賀県,藤津郡太良町,8256.0,32.6,0.26914558740234373
宮城県,遠田郡涌谷町,14930.0,18.0,0.26874
和歌山県,西牟婁郡上富田町,15709.0,17.1,0.26862390599250796
岐阜県,加茂郡川辺町,9962.0,26.9,0.26797779619979856
鳥取県,西伯郡伯耆町,10420.0,25.7,0.2677940079498291
長野県,下伊那郡高森町,12918.0,20.7,0.26740260985565184
長野県,北佐久郡御代田町,16221.0,16.45,0.2668354623756409
鹿児島県,阿久根市,18914.0,14.1,0.2666874072151184
和歌山県,有田郡広川町,6661.0,40.0,0.26644
鳥取県,西伯郡南部町,10348.0,25.7,0.26594360789489746
兵庫県,赤穂郡上郡町,14090.0,18.85,0.2655965053749084
青森県,上北郡おいらせ町,25284.0,10.5,0.265482
鹿児島県,西之表市,14417.0,18.4,0.26527279450035096
千葉県,香取郡多古町,13813.0,19.15,0.26451894473075865
熊本県,玉名郡長洲町,15506.0,17.0,0.263602
秋田県,雄勝郡羽後町,13642.0,19.2,0.26192641040802
茨城県,行方市,32502.0,7.9849997,0.25952845884132386
群馬県,吾妻郡東吾妻町,12661.0,20.4,0.2582843951702118
山口県,大島郡周防大島町,14346.0,18.0,0.258228
秋田県,潟上市,31836.0,8.1,0.25787161214447024
静岡県,賀茂郡河津町,6728.0,38.1,0.25633678973388674
長野県,下伊那郡松川町,12742.0,20.0,0.25484
長野県,北佐久郡立科町,6843.0,37.1,0.25387528955841066
青森県,つがる市,30185.0,8.4,0.2535539884853363
石川県,羽咋郡志賀町,18747.0,13.5,0.2530845
埼玉県,秩父郡横瀬町,7835.0,32.3,0.25307049402236936
茨城県,北相馬郡利根町,15409.0,16.4,0.252707594121933
広島県,世羅郡世羅町,15167.0,16.6,0.2517722057857513
山形県,東村山郡中山町,10722.0,23.4,0.2508947959098816
福岡県,嘉穂郡桂川町,13043.0,19.2,0.2504256099510193
福岡県,京都郡みやこ町,18384.0,13.6,0.25002240701293943
北海道,上川郡東川町,8601.0,28.8,0.24770879343795776
岡山県,勝田郡奈義町,5765.0,42.9,0.2473185087966919
岡山県,和気郡和気町,13423.0,18.4,0.24698319487953185
鹿児島県,出水郡長島町,9809.0,25.15,0.24669634625816345
長野県,上高井郡高山村,6649.0,37.1,0.24667788985443115
茨城県,東茨城郡城里町,18379.0,13.4,0.2462785929889679
鳥取県,東伯郡北栄町,14508.0,16.95,0.24591061106872558
岡山県,苫田郡鏡野町,12468.0,19.7,0.2456196095123291
長野県,下伊那郡豊丘村,6603.0,37.1,0.24497128992462158
群馬県,利根郡昭和村,7007.0,34.7,0.24314290534591676
香川県,小豆郡小豆島町,13616.0,17.8,0.2423647896118164
北海道,留萌市,19234.0,12.6,0.2423484073371887
埼玉県,秩父郡小鹿野町,10622.0,22.8,0.24218159189605712
鳥取県,岩美郡岩美町,11000.0,22.0,0.242
群馬県,邑楽郡板倉町,13880.0,17.3,0.2401239894104004
岩手県,岩手郡雫石町,15559.0,15.3,0.23805270296764375
秋田県,北秋田市,29339.0,8.05,0.23617895559597016
愛知県,海部郡飛島村,4657.0,50.5,0.2351785
山口県,熊毛郡平生町,11144.0,21.1,0.23513840425109864
長野県,木曽郡木曽町,10219.0,23.0,0.235037
岡山県,勝田郡勝央町,10911.0,21.5,0.2345865
青森県,北津軽郡中泊町,10000.0,23.4,0.23399999618530273
北海道,紋別郡湧別町,8096.0,28.8,0.23316479382324218
北海道,網走郡美幌町,18171.0,12.8,0.2325888034658432
千葉県,長生郡一宮町,12304.0,18.9,0.23254559530639649
奈良県,高市郡明日香村,5288.0,43.800003,0.23161441613769532
北海道,二海郡八雲町,15050.0,15.3,0.2302650028705597
高知県,高岡郡津野町,5456.0,42.2,0.23024320416259766
高知県,幡多郡黒潮町,10411.0,22.1,0.23008310397148132
青森県,三戸郡五戸町,16088.0,14.3,0.23005840306854247
三重県,北牟婁郡紀北町,14479.0,15.599999,0.22587239171504975
青森県,上北郡七戸町,14631.0,15.4,0.22531739441871643
熊本県,葦北郡津奈木町,4324.0,52.0,0.224848
長野県,下伊那郡阿智村,6055.0,37.1,0.22464049076080322
長野県,下伊那郡喬木村,6040.0,37.1,0.2240839907836914
福島県,耶麻郡猪苗代町,13145.0,17.0,0.223465
奈良県,山辺郡山添村,3228.0,68.9,0.22240920492553712
福島県,双葉郡浪江町,15590.0,14.1,0.21981900594711304
群馬県,邑楽郡千代田町,11021.0,19.8,0.21821579159164428
栃木県,芳賀郡市貝町,11397.0,19.1,0.21768270434761047
群馬県,吾妻郡草津町,6082.0,35.6,0.2165191907196045
茨城県,猿島郡五霞町,8112.0,26.400002,0.2141568123779297
鹿児島県,垂水市,13624.0,15.7,0.21389679740142822
福岡県,田川郡川崎町,15606.0,13.65,0.21302189404678346
熊本県,球磨郡相良村,4095.0,52.0,0.21294
長野県,小県郡長和町,5738.0,37.1,0.21287979124450684
岩手県,岩手郡岩手町,12133.0,17.4,0.21111419537162782
新潟県,北蒲原郡聖籠町,14129.0,14.9,0.21052209461021423
島根県,鹿足郡津和野町,6784.0,30.4,0.20623359741210937
三重県,度会郡南伊勢町,11221.0,18.3,0.2053442914390564
高知県,高岡郡日高村,4858.0,42.2,0.20500760370635987
福岡県,田川郡赤村,2953.0,69.2,0.2043475909881592
群馬県,甘楽郡甘楽町,12601.0,16.2,0.20413620961380005
奈良県,吉野郡十津川村,2960.0,68.9,0.20394400451660155
岩手県,二戸郡一戸町,11233.0,18.1,0.20331730428504943
徳島県,名西郡神山町,4846.0,41.95,0.2032897036972046
長崎県,東彼杵郡波佐見町,14283.0,14.2,0.20281859727573395
徳島県,勝浦郡勝浦町,4825.0,41.95,0.20240875368118286
高知県,吾川郡仁淀川町,4795.0,42.2,0.20234900365829467
岐阜県,加茂郡坂祝町,8084.0,25.0,0.2021
福島県,双葉郡双葉町,5539.0,36.4,0.20161960845184326
栃木県,芳賀郡茂木町,11977.0,16.8,0.20121359086227417
島根県,仁多郡奥出雲町,11630.0,17.3,0.20119899112701417
富山県,下新川郡朝日町,10974.0,18.3,0.20082419162750245
熊本県,阿蘇郡南小国町,3850.0,52.0,0.2002
佐賀県,杵島郡大町町,6136.0,32.6,0.20003359063720702
千葉県,長生郡長生村,13738.0,14.5,0.199201
茨城県,結城郡八千代町,21224.0,9.35,0.19844440809631347
岐阜県,安八郡輪之内町,9326.0,21.25,0.1981775
栃木県,那須郡那珂川町,14865.0,13.3,0.19770450283527374
青森県,三戸郡南部町,16965.0,11.6,0.19679400647163392
北海道,紋別郡遠軽町,18511.0,10.6,0.1962166070613861
北海道,余市郡余市町,17561.0,11.1,0.19492710669898985
福島県,東白川郡矢祭町,5352.0,36.4,0.1948128081665039
三重県,桑名郡木曽岬町,5994.0,32.4,0.19420560914611817
石川県,鳳珠郡能登町,15636.0,12.4,0.19388639403533936
高知県,幡多郡大月町,4582.0,42.2,0.19336040349578856
福島県,岩瀬郡天栄村,5304.0,36.4,0.19306560809326173
岡山県,久米郡久米南町,4498.0,42.9,0.19296420686340332
宮城県,本吉郡南三陸町,11979.0,16.1,0.19286190456962585
宮崎県,えびの市,18050.0,10.65,0.19223249311447144
宮崎県,串間市,16990.0,11.3,0.19198700324058532
埼玉県,比企郡ときがわ町,10589.0,18.1,0.19166090403938293
静岡県,賀茂郡南伊豆町,7726.0,24.8,0.19160479410552977
兵庫県,多可郡多可町,19463.0,9.75,0.18976425
北海道,紋別市,20618.0,9.2,0.1896855960674286
熊本県,球磨郡湯前町,3608.0,52.0,0.187616
福島県,南会津郡下郷町,5123.0,36.4,0.18647720781707763
新潟県,南蒲原郡田上町,11023.0,16.9,0.18628869579505922
愛媛県,北宇和郡松野町,3661.0,50.800003,0.18597881117248535
山梨県,南巨摩郡身延町,10391.0,17.8,0.18495979207229615
岩手県,岩手郡葛巻町,5607.0,32.6,0.18278819144439698
千葉県,香取郡東庄町,13125.0,13.9,0.18243749499320983
埼玉県,児玉郡神川町,13122.0,13.849999,0.18173969249153138
福島県,双葉郡富岡町,11736.0,15.3,0.17956080223846435
北海道,松前郡松前町,6231.0,28.8,0.17945279524612426
佐賀県,三養基郡上峰町,9789.0,18.325,0.17938343246841432
徳島県,美馬郡つるぎ町,7893.0,22.7,0.1791711060218811
北海道,上川郡当麻町,6174.0,28.8,0.1778111952896118
福島県,相馬郡飯舘村,4824.0,36.4,0.17559360736083984
岩手県,九戸郡九戸村,5365.0,32.6,0.17489899181365967
山形県,西置賜郡白鷹町,12758.0,13.7,0.1747845975666046
山形県,尾花沢市,14433.0,12.049999,0.17391763898849488
福島県,石川郡古殿町,4774.0,36.4,0.1737736072845459
新潟県,南魚沼郡湯沢町,7971.0,21.8,0.1737677939186096
沖縄県,国頭郡東村,1752.0,98.9,0.17327280267333983
宮城県,伊具郡丸森町,12192.0,14.2,0.17312639767456053
和歌山県,日高郡美浜町,6625.0,26.0,0.17225
石川県,珠洲市,12948.0,13.2,0.170913597530365
新潟県,西蒲原郡弥彦村,7694.0,22.2,0.17080680587005614
沖縄県,八重山郡与那国町,1725.0,98.9,0.1706025026321411
北海道,深川市,19161.0,8.9,0.17053289269065858
熊本県,球磨郡山江村,3276.0,52.0,0.170352
青森県,西津軽郡深浦町,7280.0,23.4,0.1703519972229004
北海道,河東郡士幌町,5883.0,28.8,0.1694303955116272
岐阜県,加茂郡八百津町,10274.0,16.4,0.16849359608078002
奈良県,高市郡高取町,6306.0,26.7,0.16837020481109619
長野県,北安曇郡松川村,9605.0,17.45,0.16760725732803344
佐賀県,東松浦郡玄海町,5130.0,32.6,0.16723799217224122
青森県,上北郡野辺地町,12341.0,13.5,0.1666035
山形県,西置賜郡飯豊町,6530.0,25.4,0.16586199750900268
埼玉県,児玉郡美里町,10916.0,15.15,0.16537739583587646
長野県,下高井郡木島平村,4438.0,37.1,0.1646497932281494
秋田県,仙北郡美郷町,18189.0,9.05,0.16461045346927644
北海道,士別市,17283.0,9.5,0.1641885
鹿児島県,肝属郡東串良町,6510.0,25.15,0.16372649751663207
岩手県,和賀郡西和賀町,5022.0,32.6,0.16371719233703613
長野県,上伊那郡宮田村,8837.0,18.5,0.1634845
青森県,南津軽郡藤崎町,14578.0,11.2,0.16327359721946716
高知県,高岡郡中土佐町,6106.0,26.7,0.1630302046585083
山形県,東置賜郡川西町,13971.0,11.6,0.16206360532951355
長野県,東筑摩郡朝日村,4359.0,37.1,0.16171889334869385
京都府,相楽郡笠置町,1159.0,139.0,0.161101
茨城県,久慈郡大子町,15444.0,10.4,0.16061759410858154
山形県,北村,6322.0,25.4,0.1605787975883484
鹿児島県,大島郡伊仙町,6361.0,25.15,0.15997914757347106
岩手県,気仙郡住田町,4906.0,32.6,0.15993559251403808
新潟県,岩船郡関川村,4996.0,31.75,0.158623
宮崎県,児湯郡川南町,15095.0,10.5,0.1584975
青森県,三戸郡三戸町,9172.0,17.25,0.158217
福島県,東白川郡塙町,8195.0,19.3,0.1581634937477112
長野県,小県郡青木村,4244.0,37.1,0.15745239352416993
茨城県,稲敷郡美浦村,14605.0,10.700001,0.15627351114273072
長野県,下伊那郡阿南町,4210.0,37.1,0.1561909935760498
北海道,厚岸郡浜中町,5411.0,28.8,0.15583679587173463
長野県,東筑摩郡筑北村,4175.0,37.1,0.15489249362945556
北海道,茅部郡森町,14155.0,10.9,0.15428949460029603
熊本県,球磨郡球磨村,2958.0,52.0,0.153816
高知県,安芸郡芸西村,3621.0,42.2,0.15280620276260376
福島県,安達郡大玉村,8762.0,17.25,0.1511445
岐阜県,加茂郡七宗町,3373.0,44.8,0.15111039742660523
東京都,小笠原村,2581.0,58.0,0.149698
北海道,新冠郡新冠町,5187.0,28.8,0.14938559604263305
北海道,河東郡鹿追町,5144.0,28.8,0.14814719607543944
三重県,南牟婁郡御浜町,8086.0,18.3,0.14797379383087159
岩手県,下閉伊郡岩泉町,8310.0,17.7,0.14708700634002686
高知県,高岡郡越知町,5087.0,28.9,0.1470142980594635
北海道,虻田郡ニセコ町,5088.0,28.8,0.14653439611816407
青森県,北津軽郡板柳町,12714.0,11.5,0.146211
北海道,浦河郡浦河町,11694.0,12.4,0.145005595539093
宮城県,黒川郡大衡村,5650.0,25.65,0.14492249784469605
徳島県,海部郡美波町,6071.0,23.8,0.1444897953681946
長野県,北安曇郡池田町,9381.0,15.4,0.1444673964214325
福島県,南会津郡只見町,3961.0,36.4,0.14418040604400634
福井県,三方郡美浜町,9002.0,16.0,0.144032
鳥取県,八頭郡智頭町,6420.0,22.4,0.14380799755096435
長野県,木曽郡南木曽町,3876.0,37.1,0.14379959408569337
愛媛県,北宇和郡鬼北町,9563.0,15.0,0.143445
北海道,標津郡標津町,4952.0,28.8,0.14261759622192383
千葉県,山武郡九十九里町,14625.0,9.7,0.14186249721050262
群馬県,利根郡片品村,4088.0,34.7,0.14185360311889647
長野県,南佐久郡川上村,3806.0,37.1,0.1412025941925049
北海道,河東郡上士幌町,4890.0,28.8,0.14083199626922607
宮城県,亘理郡山元町,11726.0,12.0,0.140712
福島県,南会津郡南会津町,14176.0,9.89,0.14020064486694336
京都府,船井郡京丹波町,13005.0,10.775,0.14012887003898622
北海道,石狩郡当別町,15329.0,9.1,0.13949390584754945
東京都,利島村,317.0,438.0,0.138846
島根県,飯石郡飯南町,4560.0,30.4,0.13862399826049804
青森県,下北郡東通村,5923.0,23.4,0.13859819774055482
新潟県,刈羽郡刈羽村,4351.0,31.75,0.13814425
福島県,田村郡小野町,9313.0,14.8,0.13783240177631378
北海道,夕張郡由仁町,4783.0,28.8,0.1377503963508606
北海道,常呂郡佐呂間町,4767.0,28.8,0.13728959636306762
高知県,高岡郡檮原町,3236.0,42.2,0.13655920246887207
高知県,長岡郡大豊町,3223.0,42.2,0.13601060245895386
宮崎県,西臼杵郡高千穂町,11327.0,12.0,0.135924
福島県,伊達郡国見町,8400.0,16.18,0.13591200256347657
千葉県,夷隅郡御宿町,7114.0,19.0,0.135166
北海道,空知郡中富良野町,4686.0,28.8,0.13495679642486572
群馬県,甘楽郡下仁田町,6549.0,20.55,0.13458194500350953
宮城県,柴田郡村田町,10241.0,13.1,0.13415710390663146
北海道,岩内郡岩内町,11343.0,11.8,0.13384740216350555
北海道,常呂郡訓子府町,4636.0,28.8,0.1335167964630127
宮崎県,児湯郡木城町,4908.0,27.099998,0.13300679251098632
千葉県,長生郡白子町,10721.0,12.4,0.13294039591026305
福岡県,朝倉郡東峰村,1912.0,69.2,0.13231039416503906
北海道,沙流郡平取町,4594.0,28.8,0.13230719649505615
長野県,下伊那郡下條村,3551.0,37.1,0.131742094581604
福岡県,築上郡吉富町,6649.0,19.8,0.13165019492721558
山形県,飽海郡遊佐町,12796.0,10.26,0.13128696292877198
宮崎県,東臼杵郡美郷町,4839.0,27.099998,0.13113689261627198
新潟県,三島郡出雲崎町,4119.0,31.75,0.13077825
栃木県,塩谷郡塩谷町,10322.0,12.599999,0.13005719409370423
北海道,斜里郡小清水町,4501.0,28.8,0.1296287965660095
北海道,磯谷郡蘭越町,4493.0,28.8,0.12939839657211305
沖縄県,島尻郡伊是名村,1308.0,98.9,0.1293612019958496
北海道,目梨郡羅臼町,4488.0,28.8,0.12925439657592774
宮城県,刈田郡蔵王町,11264.0,11.4,0.128409595703125
島根県,邑智郡美郷町,4222.0,30.4,0.1283487983894348
東京都,御蔵島村,292.0,438.0,0.127896
鹿児島県,大島郡与論町,5078.0,25.15,0.12771169806289673
岩手県,西磐井郡平泉町,7010.0,18.2,0.12758200534820557
石川県,能美郡川北町,6157.0,20.7,0.1274499046974182
高知県,安芸郡奈半利町,3003.0,42.2,0.1267266022911072
岐阜県,加茂郡富加町,5760.0,22.0,0.12672
山梨県,南都留郡鳴沢村,3121.0,40.5,0.1264005
長野県,木曽郡大桑村,3396.0,37.1,0.12599159481811523
大阪府,南河内郡千早赤阪村,4893.0,25.7,0.12575010373306275
北海道,檜山郡上ノ国町,4362.0,28.8,0.1256255966720581
長崎県,東彼杵郡東彼杵町,7556.0,16.5,0.124674
北海道,幌泉郡えりも町,4320.0,28.8,0.12441599670410156
秋田県,山本郡八峰町,6473.0,19.2,0.12428160493850708
山形県,最上郡舟形町,4887.0,25.4,0.12412979813575745
宮崎県,児湯郡都農町,10262.0,12.0,0.123144
青森県,西津軽郡鰺ヶ沢町,8981.0,13.6,0.12214160342597961
北海道,網走郡津別町,4211.0,28.8,0.12127679678726196
石川県,鳳珠郡穴水町,7574.0,16.0,0.121184
沖縄県,島尻郡伊平屋村,1213.0,98.9,0.11996570185089112
山梨県,南都留郡西桂町,4084.0,29.349998,0.11986539376831054
沖縄県,島尻郡南大東村,1210.0,98.9,0.11966900184631347
鹿児島県,肝属郡肝付町,14241.0,8.33,0.11862752891349793
宮城県,牡鹿郡女川町,5982.0,19.6,0.1172472022819519
青森県,三戸郡田子町,4986.0,23.4,0.11667239809799194
新潟県,東蒲原郡阿賀町,9779.0,11.9,0.11637009626960755
群馬県,吾妻郡高山村,3331.0,34.7,0.11558570254135132
北海道,夕張郡栗山町,11107.0,10.4,0.11551279576301575
長野県,上伊那郡飯島町,9078.0,12.7,0.11529059826850892
青森県,三戸郡階上町,12909.0,8.9,0.1148900950756073
北海道,上磯郡知内町,3983.0,28.8,0.11471039696121216
北海道,様似郡様似町,3983.0,28.8,0.11471039696121216
北海道,砂川市,15909.0,7.2,0.11454479696559906
青森県,下北郡大間町,4870.0,23.4,0.11395799814224243
長野県,上水内郡飯綱町,10534.0,10.75,0.1132405
奈良県,吉野郡吉野町,6251.0,18.1,0.11314310238456726
長野県,南佐久郡南牧村,3035.0,37.1,0.11259849536895752
北海道,河西郡中札内村,3902.0,28.8,0.11237759702301026
北海道,空知郡上富良野町,10110.0,11.1,0.11222100385665894
山梨県,南都留郡山中湖村,5751.0,19.3,0.1109942956123352
福島県,河沼郡柳津町,3042.0,36.4,0.11072880464172363
福島県,東白川郡鮫川村,3033.0,36.4,0.11040120462799072
青森県,上北郡東北町,16625.0,6.6000004,0.1097250063419342
北海道,斜里郡清里町,3803.0,28.8,0.10952639709854126
北海道,檜山郡江差町,6971.0,15.7,0.10944469867038727
北海道,上川郡東神楽町,9945.0,11.0,0.109395
奈良県,吉野郡東吉野村,1585.0,68.9,0.10920650241851806
北海道,斜里郡斜里町,10888.0,10.0,0.10888
山口県,阿武郡阿武町,3072.0,35.35,0.1085951953125
千葉県,山武郡芝山町,6905.0,15.65,0.10806324736595153
青森県,北津軽郡鶴田町,11988.0,9.0,0.107892
群馬県,利根郡川場村,3105.0,34.7,0.107743502368927
福島県,相馬郡新地町,7716.0,13.950001,0.10763820588684082
沖縄県,宮古郡多良間村,1085.0,98.9,0.10730650165557862
北海道,天塩郡豊富町,3702.0,28.8,0.10661759717559814
高知県,安芸郡田野町,2524.0,42.2,0.10651280192565918
鳥取県,日野郡日南町,4144.0,25.7,0.1065008031616211
山形県,東田川郡三川町,7195.0,14.8,0.10648600137233734
宮崎県,西諸県郡高原町,8838.0,12.0,0.106056
熊本県,球磨郡水上村,2035.0,52.0,0.10582
北海道,茅部郡鹿部町,3649.0,28.8,0.10509119721603394
和歌山県,日高郡由良町,5282.0,19.8,0.1045835959701538
北海道,虻田郡豊浦町,3627.0,28.8,0.1044575972328186
香川県,香川郡直島町,2949.0,35.3,0.10409969775009155
神奈川県,愛甲郡清川村,2812.0,37.0,0.104044
青森県,南津軽郡大鰐町,8688.0,11.950001,0.10382160662841797
長野県,北安曇郡白馬村,8782.0,11.8,0.10362760167503357
山形県,最上郡戸沢村,4071.0,25.4,0.10340339844703675
愛知県,北設楽郡豊根村,987.0,104.0,0.102648
山形県,西村山郡大江町,7429.0,13.8,0.1025202014169693
北海道,美唄市,19500.0,5.25,0.102375
高知県,安芸郡安田町,2413.0,42.2,0.10182860184097291
愛媛県,上浮穴郡久万高原町,7420.0,13.7,0.10165399858474732
宮崎県,東諸県郡綾町,7043.0,14.4,0.10141919731330871
長野県,北安曇郡小谷村,2725.0,37.1,0.10109749584197998
北海道,上川郡比布町,3505.0,28.8,0.10094399732589722
北海道,檜山郡厚沢部町,3500.0,28.8,0.10079999732971191
奈良県,宇陀郡御杖村,1458.0,68.9,0.10045620222473145
青森県,上北郡横浜町,4286.0,23.4,0.10029239836502075
岩手県,下閉伊郡田野畑村,3061.0,32.6,0.09978859532928466
北海道,夕張郡長沼町,10158.0,9.8,0.09954840193748474
福島県,双葉郡楢葉町,6648.0,14.95,0.09938759873199463
宮城県,柴田郡川崎町,8286.0,11.9,0.09860339683914185
山形県,最上郡鮭川村,3871.0,25.4,0.09832339852333069
和歌山県,東牟婁郡古座川町,2446.0,40.0,0.09784
長野県,木曽郡木祖村,2637.0,37.1,0.09783269597625732
鹿児島県,熊毛郡屋久島町,11724.0,8.33,0.09766091910552979
宮崎県,西臼杵郡日之影町,3592.0,27.099998,0.09734319451904297
大阪府,豊能郡能勢町,9267.0,10.5,0.0973035
北海道,上川郡美瑛町,9573.0,10.1,0.09668730365180969
北海道,爾志郡乙部町,3331.0,28.8,0.09593279745864867
鹿児島県,熊毛郡中種子町,7489.0,12.8,0.0958592014284134
宮城県,黒川郡大郷町,7728.0,12.35,0.09544080294799805
宮崎県,西臼杵郡五ヶ瀬町,3503.0,27.099998,0.09493129465484619
奈良県,吉野郡下市町,4746.0,19.95,0.09468270362091065
岐阜県,加茂郡東白川村,2109.0,44.8,0.0944831983909607
長野県,東筑摩郡麻績村,2536.0,37.1,0.0940855961303711
福島県,双葉郡広野町,4672.0,20.1,0.09390720178222656
福島県,石川郡浅川町,5984.0,15.6,0.09335040228271485
東京都,大島町,7150.0,12.9,0.09223499727249146
青森県,上北郡六戸町,10836.0,8.5,0.092106
徳島県,名東郡佐那河内村,2170.0,41.95,0.09103150165557862
奈良県,宇陀郡曽爾村,1321.0,68.9,0.09101690201568603
北海道,河西郡更別村,3158.0,28.8,0.09095039759063721
滋賀県,犬上郡豊郷町,7208.0,12.6,0.09082080274963379
北海道,白老郡白老町,15721.0,5.775,0.09078877649927139
青森県,東津軽郡平内町,10187.0,8.9,0.0906642961139679
鳥取県,東伯郡三朝町,6057.0,14.9,0.09024929768943786
福島県,耶麻郡北塩原村,2478.0,36.4,0.09019920378112793
北海道,余市郡仁木町,3128.0,28.8,0.0900863976135254
青森県,上北郡六ヶ所村,9886.0,9.1,0.08996260377120972
長崎県,北松浦郡小値賀町,2239.0,40.0,0.08956
千葉県,長生郡長南町,7433.0,11.95,0.08882434858226776
沖縄県,島尻郡座間味村,895.0,98.9,0.08851550136566162
山形県,西置賜郡小国町,6938.0,12.7,0.08811259867668152
奈良県,吉野郡天川村,1265.0,68.9,0.08715850193023682
奈良県,吉野郡川上村,1262.0,68.9,0.08695180192565918
北海道,上川郡和寒町,3006.0,28.8,0.086572797706604
福島県,双葉郡川内村,2366.0,36.4,0.08612240361022949
長野県,上水内郡小川村,2314.0,37.1,0.08584939646911621
北海道,中川郡豊頃町,2977.0,28.8,0.08573759772872924
鹿児島県,姶良郡湧水町,8700.0,9.85,0.08569500331878663
福井県,今立郡池田町,2327.0,36.8,0.0856335982246399
滋賀県,犬上郡多賀町,7466.0,11.45,0.0854856985759735
東京都,八丈町,7053.0,12.1,0.08534130269050598
和歌山県,伊都郡九度山町,3840.0,22.2,0.0852480029296875
北海道,久遠郡せたな町,7147.0,11.9,0.08504929727363586
山口県,熊毛郡上関町,2390.0,35.35,0.08448649635314942
鳥取県,西伯郡日吉津村,3599.0,23.45,0.08439655274581909
秋田県,南秋田郡井川町,4386.0,19.2,0.08421120334625244
北海道,厚岸郡厚岸町,8589.0,9.8,0.08417220163822174
福岡県,鞍手郡小竹町,7119.0,11.8,0.0840042013578415
長野県,上水内郡信濃町,7828.0,10.7,0.08375959850692749
北海道,雨竜郡沼田町,2900.0,28.8,0.08351999778747558
福岡県,田川郡添田町,8828.0,9.450001,0.08342460673522949
北海道,上川郡剣淵町,2888.0,28.8,0.08317439779663086
北海道,樺戸郡月形町,2864.0,28.8,0.0824831978149414
北海道,石狩郡新篠津村,2853.0,28.8,0.08216639782333374
北海道,虻田郡京極町,2844.0,28.8,0.0819071978302002
北海道,苫前郡苫前町,2839.0,28.8,0.0817631978340149
北海道,留萌郡小平町,2838.0,28.8,0.08173439783477783
鹿児島県,大島郡和泊町,6296.0,12.9,0.0812183975982666
北海道,天塩郡天塩町,2814.0,28.8,0.08104319785308838
茨城県,稲敷郡河内町,8140.0,9.915,0.08070809968948364
鹿児島県,大島郡龍郷町,6017.0,13.4,0.08062779770469665
大分県,東国東郡姫島村,1812.0,44.3,0.08027159861755372
岩手県,下閉伊郡普代村,2441.0,32.6,0.07957659627532959
島根県,隠岐郡西ノ島町,2606.0,30.4,0.0792223990058899
北海道,寿都郡寿都町,2738.0,28.8,0.07885439791107178
富山県,中新川郡舟橋村,3271.0,24.1,0.07883110124778747
北海道,勇払郡むかわ町,7488.0,10.5,0.078624
北海道,雨竜郡妹背牛町,2691.0,28.8,0.07750079794692993
北海道,沙流郡日高町,11315.0,6.8,0.07694200215816498
北海道,常呂郡置戸町,2671.0,28.8,0.07692479796218872
北海道,宗谷郡猿払村,2637.0,28.8,0.07594559798812867
宮城県,刈田郡七ヶ宿町,1258.0,60.3,0.07585739904022216
岡山県,加賀郡吉備中央町,10507.0,7.16,0.07523011839675903
北海道,寿都郡黒松内町,2612.0,28.8,0.07522559800720215
山形県,最上郡大蔵村,2939.0,25.4,0.07465059887886047
北海道,空知郡上砂川町,2578.0,28.8,0.07424639803314209
北海道,上川郡愛別町,2569.0,28.8,0.07398719804000854
東京都,青ヶ島村,168.0,438.0,0.073584
鳥取県,日野郡日野町,2859.0,25.7,0.0734763021812439
熊本県,阿蘇郡産山村,1411.0,52.0,0.073372
北海道,上川郡鷹栖町,6666.0,10.950001,0.0729927050857544
島根県,鹿足郡吉賀町,5814.0,12.475,0.07252965221786499
山形県,北村山郡大石田町,6322.0,11.4,0.07207079758834839
福島県,西白河郡泉崎村,6205.0,11.6,0.07197800236701965
北海道,虻田郡洞爺湖町,8147.0,8.8,0.07169360155391694
北海道,阿寒郡鶴居村,2485.0,28.8,0.07156799810409546
宮崎県,東臼杵郡椎葉村,2586.0,27.099998,0.07008059605407715
北海道,芦別市,11976.0,5.85,0.07005959885787964
北海道,天塩郡遠別町,2423.0,28.8,0.06978239815139771
鹿児島県,肝属郡錦江町,6640.0,10.4,0.06905599746704101
沖縄県,島尻郡渡嘉敷村,695.0,98.9,0.06873550106048584
島根県,隠岐郡海士町,2238.0,30.4,0.06803519914627075
鹿児島県,曽於郡大崎町,12398.0,5.4700003,0.06781706331062316
岐阜県,大野郡白川村,1513.0,44.8,0.06778239884567261
高知県,長岡郡本山町,3299.0,20.5,0.0676295
山形県,最上郡最上町,7797.0,8.67,0.06759999059486389
北海道,奥尻郡奥尻町,2346.0,28.8,0.06756479821014404
北海道,空知郡南富良野町,2341.0,28.8,0.06742079821395874
兵庫県,佐用郡佐用町,15499.0,4.35,0.06742064852190018
和歌山県,西牟婁郡すさみ町,3659.0,18.4,0.06732559860420227
滋賀県,犬上郡甲良町,6595.0,10.2,0.06726899874210358
鳥取県,日野郡江府町,2617.0,25.7,0.06725690199661255
鹿児島県,熊毛郡南種子町,5363.0,12.5,0.0670375
北海道,礼文郡礼文町,2314.0,28.8,0.06664319823455811
北海道,雨竜郡秩父別町,2297.0,28.8,0.06615359824752808
沖縄県,島尻郡粟国村,666.0,98.9,0.06586740101623535
福島県,大沼郡金山町,1801.0,36.4,0.06555640274810791
長野県,南佐久郡小海町,4329.0,15.1,0.06536790165138244
北海道,上川郡清水町,9047.0,7.2,0.0651383982744217
北海道,利尻郡利尻富士町,2259.0,28.8,0.06505919827651978
北海道,中川郡本別町,6375.0,10.1,0.06438750243186951
徳島県,海部郡牟岐町,3693.0,17.4,0.0642581985912323
長野県,木曽郡上松町,4071.0,15.7,0.06391469922351838
北海道,足寄郡陸別町,2217.0,28.8,0.06384959830856324
福島県,石川郡玉川村,6312.0,10.095,0.06371964168548584
北海道,天塩郡幌延町,2196.0,28.8,0.06324479832458496
山梨県,南都留郡道志村,1557.0,40.5,0.0630585
長野県,東筑摩郡生坂村,1698.0,37.1,0.06299579740905761
鹿児島県,肝属郡南大隅町,6364.0,9.8,0.06236720121383667
北海道,雨竜郡雨竜町,2154.0,28.8,0.06203519835662842
群馬県,吾妻郡長野原町,5326.0,11.5,0.061249
長野県,下水内郡栄村,1642.0,37.1,0.06091819749450684
高知県,幡多郡三原村,1435.0,42.2,0.06055700109481812
青森県,東津軽郡蓬田村,2581.0,23.4,0.060395399015426635
和歌山県,伊都郡高野町,2732.0,22.0,0.060104
徳島県,勝浦郡上勝町,1427.0,41.95,0.0598626510887146
山形県,西村山郡朝日町,6199.0,9.51,0.0589524914188385
長野県,下高井郡野沢温泉村,3441.0,17.1,0.05884110131263733
高知県,土佐郡土佐町,3625.0,16.2,0.058725002765655517
岡山県,英田郡西粟倉村,1368.0,42.9,0.05868720208740234
秋田県,南秋田郡大潟村,3010.0,19.2,0.05779200229644776
北海道,岩内郡共和町,5508.0,10.450001,0.057558604202270505
秋田県,南秋田郡八郎潟町,5376.0,10.7,0.05752319897460938
鹿児島県,大島郡天城町,5597.0,10.25,0.05736925
北海道,虻田郡喜茂別町,1988.0,28.8,0.05725439848327637
北海道,足寄郡足寄町,6350.0,9.0,0.05715
北海道,白糠郡白糠町,7234.0,7.9,0.057148600689888
群馬県,多野郡神流町,1641.0,34.7,0.05694270125198364
秋田県,南秋田郡五城目町,8369.0,6.8,0.05690920159626007
北海道,瀬棚郡今金町,4775.0,11.9,0.056822498178482055
長野県,下伊那郡泰阜村,1531.0,37.1,0.0568000976638794
奈良県,吉野郡下北山村,815.0,68.9,0.05615350124359131
青森県,南津軽郡田舎館村,7419.0,7.55,0.05601345141506195
北海道,虻田郡真狩村,1937.0,28.8,0.05578559852218628
秋田県,山本郡藤里町,2899.0,19.2,0.05566080221176147
岩手県,九戸郡野田村,4027.0,13.65,0.05496854846382141
群馬県,甘楽郡南牧村,1578.0,34.7,0.05475660120391846
北海道,利尻郡利尻町,1894.0,28.8,0.054547198554992675
鹿児島県,大島郡知名町,5634.0,9.645,0.054339932579040524
北海道,虻田郡留寿都村,1886.0,28.8,0.05431679856109619
青森県,東津軽郡今別町,2311.0,23.4,0.054077399118423464
沖縄県,島尻郡北大東村,542.0,98.9,0.053603800827026364
北海道,積丹郡積丹町,1824.0,28.8,0.05253119860839844
鹿児島県,大島郡喜界町,6565.0,7.975,0.052355874373912814
青森県,三戸郡新郷村,2211.0,23.4,0.051737399156570434
福島県,大沼郡三島町,1414.0,36.4,0.051469602157592775
高知県,安芸郡北川村,1213.0,42.2,0.051188600925445554
福島県,西白河郡中島村,4860.0,10.5,0.05103
熊本県,球磨郡五木村,974.0,52.0,0.050648
和歌山県,東牟婁郡太地町,2891.0,17.25,0.04986975
山形県,最上郡真室川町,6884.0,7.22,0.04970247855567932
北海道,空知郡南幌町,7546.0,6.4,0.04829440071964264
北海道,雨竜郡北竜町,1674.0,28.8,0.048211198722839355
福島県,双葉郡葛尾村,1307.0,36.4,0.04757480199432373
北海道,樺戸郡浦臼町,1651.0,28.8,0.04754879874038696
島根県,邑智郡川本町,3078.0,15.2,0.04678559941291809
北海道,網走郡大空町,6771.0,6.9,0.04671990064573288
北海道,枝幸郡枝幸町,7467.0,6.2,0.04629539857578278
秋田県,雄勝郡東成瀬村,2392.0,19.2,0.04592640182495117
北海道,枝幸郡中頓別町,1570.0,28.8,0.04521599880218506
北海道,三笠市,7722.0,5.85,0.045173699263572696
奈良県,吉野郡黒滝村,627.0,68.9,0.04320030095672608
北海道,古宇郡泊村,1498.0,28.8,0.0431423988571167
北海道,上川郡新得町,5581.0,7.7,0.04297369893550873
福島県,耶麻郡西会津町,5694.0,7.5,0.042705
北海道,川上郡弟子屈町,6699.0,6.35,0.04253864936113357
青森県,東津軽郡外ヶ浜町,5358.0,7.9,0.0423282005109787
長野県,下伊那郡天龍村,1130.0,37.1,0.04192299827575684
鹿児島県,大島郡宇検村,1653.0,25.15,0.04157294936943054
福島県,大沼郡昭和村,1142.0,36.4,0.04156880174255371
宮崎県,東臼杵郡諸塚村,1499.0,27.099998,0.040622897712707516
青森県,下北郡佐井村,1734.0,23.4,0.04057559933853149
北海道,広尾郡広尾町,6229.0,6.5,0.0404885
北海道,勇払郡占冠村,1394.0,28.8,0.0401471989364624
北海道,上磯郡木古内町,3728.0,10.7,0.03988959928894043
青森県,下北郡風間浦村,1690.0,23.4,0.039545999355316164
北海道,苫前郡羽幌町,6361.0,6.2,0.03943819878673553
秋田県,北秋田郡上小阿仁村,2029.0,19.2,0.03895680154800415
北海道,勇払郡安平町,7314.0,5.325,0.03894704860496521
北海道,中川郡中川町,1336.0,28.8,0.03847679898071289
山形県,西村山郡西川町,4775.0,8.02,0.038295502185821534
北海道,島牧郡島牧村,1312.0,28.8,0.03778559899902344
北海道,雨竜郡幌加内町,1308.0,28.8,0.037670399002075194
山梨県,南巨摩郡早川町,929.0,40.5,0.0376245
北海道,中川郡池田町,6159.0,6.1,0.03756989941263199
秋田県,鹿角郡小坂町,4688.0,7.975,0.03738679955291748
北海道,赤平市,9008.0,4.15,0.03738320085906983
群馬県,多野郡上野村,1075.0,34.7,0.037302500820159915
北海道,樺戸郡新十津川町,6389.0,5.7,0.036417298781394956
福島県,石川郡平田村,5625.0,6.465,0.03636562585830688
岡山県,真庭郡新庄村,847.0,42.9,0.03633630129241943
長野県,南佐久郡南相木村,966.0,37.1,0.03583859852600098
鹿児島県,大島郡大和村,1414.0,25.15,0.035562099460601806
北海道,川上郡標茶町,7179.0,4.95,0.03553604863071442
北海道,広尾郡大樹町,5439.0,6.5,0.0353535
高知県,安芸郡馬路村,827.0,42.2,0.03489940063095093
北海道,山越郡長万部町,4880.0,7.1,0.034647999534606934
群馬県,吾妻郡嬬恋村,9174.0,3.75,0.0344025
長野県,下伊那郡大鹿村,926.0,37.1,0.034354598587036135
福島県,耶麻郡磐梯町,3289.0,10.280001,0.03381092225837708
鳥取県,八頭郡若桜町,2841.0,11.6,0.0329556010837555
長野県,下伊那郡根羽村,865.0,37.1,0.032091498680114745
北海道,余市郡赤井川村,1106.0,28.8,0.031852799156188966
北海道,空知郡奈井江町,4966.0,6.4,0.031782400473594666
北海道,松前郡福島町,3571.0,8.8,0.031424800681114196
沖縄県,島尻郡渡名喜村,317.0,98.9,0.03135130048370361
奈良県,吉野郡上北山村,454.0,68.9,0.031280600692749023
北海道,苫前郡初山別村,1081.0,28.8,0.03113279917526245
高知県,安芸郡東洋町,2183.0,13.9,0.030343699167251586
山形県,最上郡金山町,4981.0,6.07,0.030234670855045317
青森県,中津軽郡西目屋村,1272.0,23.4,0.02976479951477051
北海道,紋別郡西興部村,1030.0,28.8,0.029663999214172364
宮崎県,児湯郡西米良村,1073.0,27.099998,0.029078298362731934
山梨県,北都留郡小菅村,657.0,40.5,0.0266085
北海道,勇払郡厚真町,4381.0,6.0,0.026286
長野県,木曽郡王滝村,682.0,37.1,0.025302198959350587
長野県,南佐久郡北相木村,680.0,37.1,0.025227998962402343
北海道,増毛郡増毛町,3853.0,6.4,0.024659200367450715
北海道,有珠郡壮瞥町,2362.0,10.0,0.02362
奈良県,吉野郡野迫川村,336.0,68.9,0.02315040051269531
福島県,河沼郡湯川村,3073.0,7.4750004,0.02297067617225647
東京都,三宅村,2301.0,9.8,0.02254980043888092
北海道,古宇郡神恵内村,782.0,28.8,0.02252159940338135
長野県,上伊那郡中川村,4712.0,4.775,0.02249980044937134
山梨県,北都留郡丹波山村,535.0,40.5,0.0216675
北海道,十勝郡浦幌町,4302.0,4.65,0.02000430041027069
北海道,夕張市,6729.0,2.9,0.01951410064172745
北海道,中川郡音威子府村,668.0,28.8,0.019238399490356446
福島県,南会津郡檜枝岐村,521.0,36.4,0.01896440079498291
島根県,隠岐郡知夫村,615.0,30.4,0.01869599976539612
長野県,下伊那郡売木村,495.0,37.1,0.01836449924468994
北海道,紋別郡雄武町,4130.0,4.4,0.01817200039386749
東京都,新島村,2495.0,7.2,0.017963999524116515
鹿児島県,鹿児島郡十島村,657.0,25.15,0.01652354974937439
和歌山県,東牟婁郡北山村,404.0,40.0,0.01616
北海道,紋別郡興部町,3595.0,4.35,0.015638249657154085
高知県,土佐郡大川村,361.0,42.2,0.015234200275421142
長野県,下伊那郡平谷村,386.0,37.1,0.014320599411010743
東京都,神津島村,1813.0,7.6,0.013778799827098846
北海道,枝幸郡浜頓別町,3351.0,3.8500001,0.012901350479364394
北海道,古平郡古平町,2720.0,4.2,0.011423999481201172
北海道,中川郡美深町,3890.0,2.9,0.01128100037097931
新潟県,岩船郡粟島浦村,329.0,31.75,0.01044575
北海道,上川郡上川町,3202.0,2.9,0.009285800305366515
鹿児島県,鹿児島郡三島村,369.0,25.15,0.00928034985923767
北海道,上川郡下川町,3027.0,2.95,0.008929650144338608
北海道,歌志内市,2790.0,2.35,0.006556499733924866
北海道,紋別郡滝上町,2363.0,1.9,0.004489699943661689
